Date,#oscars,#oscar,#oscars2015,#oscar2015,#redcarpet
2015-02-20 18:12:05,1,0,0,0,0
2015-02-20 18:12:10,1,0,0,0,0
2015-02-20 18:12:15,1,0,0,0,0
2015-02-20 18:12:20,2,0,0,0,1
2015-02-20 18:12:25,2,0,0,0,0
2015-02-20 18:12:30,0,0,0,0,0
2015-02-20 18:12:35,1,0,0,0,0
2015-02-20 18:12:40,0,0,0,0,1
2015-02-20 18:12:45,0,0,0,0,0
2015-02-20 18:12:50,3,0,0,0,0
2015-02-20 18:12:55,0,0,0,0,0
2015-02-20 18:13:00,2,0,0,0,0
2015-02-20 18:13:05,2,0,0,0,0
2015-02-20 18:13:10,1,0,0,0,0
2015-02-20 18:13:15,2,0,0,0,0
2015-02-20 18:13:20,4,0,0,0,0
2015-02-20 18:13:25,0,0,0,0,0
2015-02-20 18:13:30,1,0,0,0,0
2015-02-20 18:13:35,0,0,0,0,0
2015-02-20 18:13:40,3,0,0,0,0
2015-02-20 18:13:45,1,0,0,0,0
2015-02-20 18:13:50,2,0,0,0,0
2015-02-20 18:13:55,1,0,0,0,0
2015-02-20 18:14:00,1,0,0,0,0
2015-02-20 18:14:05,0,0,0,0,0
2015-02-20 18:14:10,0,0,0,0,0
2015-02-20 18:14:15,2,0,0,0,0
2015-02-20 18:14:20,2,0,0,0,0
2015-02-20 18:14:25,2,0,0,0,0
2015-02-20 18:14:30,0,0,0,0,0
2015-02-20 18:14:35,1,0,0,0,0
2015-02-20 18:14:40,0,0,0,0,0
2015-02-20 18:14:45,1,0,1,0,0
2015-02-20 18:14:50,0,0,0,0,0
2015-02-20 18:14:55,1,0,0,0,0
2015-02-20 18:15:00,1,0,0,0,0
2015-02-20 18:15:05,1,0,0,0,0
2015-02-20 18:15:10,1,0,0,0,0
2015-02-20 18:15:15,2,0,0,0,0
2015-02-20 18:15:20,1,0,0,0,0
2015-02-20 18:15:25,0,0,0,0,0
2015-02-20 18:15:30,1,0,0,0,0
2015-02-20 18:15:35,2,0,0,0,2
2015-02-20 18:15:40,0,0,0,0,0
2015-02-20 18:15:45,0,0,0,0,0
2015-02-20 18:15:50,2,0,0,0,0
2015-02-20 18:15:55,0,0,0,0,0
2015-02-20 18:16:00,3,0,1,0,0
2015-02-20 18:16:05,6,0,0,0,0
2015-02-20 18:16:10,1,0,0,0,1
2015-02-20 18:16:15,1,0,0,0,0
2015-02-20 18:16:20,1,0,0,0,0
2015-02-20 18:16:25,0,0,0,0,0
2015-02-20 18:16:30,1,0,0,0,1
2015-02-20 18:16:35,1,0,1,0,0
2015-02-20 18:16:40,0,0,0,0,0
2015-02-20 18:16:45,1,0,0,0,0
2015-02-20 18:16:50,1,0,0,0,0
2015-02-20 18:16:55,2,0,0,0,0
2015-02-20 18:17:00,3,0,0,0,0
2015-02-20 18:17:05,3,0,0,0,0
2015-02-20 18:17:10,0,0,0,0,0
2015-02-20 18:17:15,1,0,0,0,0
2015-02-20 18:17:20,1,0,0,0,0
2015-02-20 18:17:25,3,0,0,0,0
2015-02-20 18:17:30,0,0,0,0,0
2015-02-20 18:17:35,1,0,0,0,0
2015-02-20 18:17:40,1,0,0,0,0
2015-02-20 18:17:45,1,0,0,0,0
2015-02-20 18:17:50,1,0,0,0,0
2015-02-20 18:17:55,1,0,0,0,0
2015-02-20 18:18:00,2,0,0,0,0
2015-02-20 18:18:05,2,0,0,0,0
2015-02-20 18:18:10,0,0,0,0,0
2015-02-20 18:18:15,0,0,0,0,0
2015-02-20 18:18:20,4,0,1,0,0
2015-02-20 18:18:25,1,0,0,0,0
2015-02-20 18:18:30,1,0,0,0,0
2015-02-20 18:18:35,2,0,0,0,0
2015-02-20 18:18:40,3,0,0,0,1
2015-02-20 18:18:45,1,0,0,0,0
2015-02-20 18:18:50,0,0,0,0,0
2015-02-20 18:18:55,1,0,0,0,0
2015-02-20 18:19:00,2,0,0,0,0
2015-02-20 18:19:05,3,0,0,0,0
2015-02-20 18:19:10,0,0,0,0,0
2015-02-20 18:19:15,2,0,0,0,0
2015-02-20 18:19:20,2,0,0,0,0
2015-02-20 18:19:25,0,0,0,0,0
2015-02-20 18:19:30,0,0,0,0,0
2015-02-20 18:19:35,3,0,0,0,0
2015-02-20 18:19:40,0,0,0,0,0
2015-02-20 18:19:45,0,0,0,0,0
2015-02-20 18:19:50,2,0,0,0,0
2015-02-20 18:19:55,1,0,0,0,0
2015-02-20 18:20:00,0,0,0,0,0
2015-02-20 18:20:05,1,0,0,0,0
2015-02-20 18:20:10,4,0,0,0,0
2015-02-20 18:20:15,6,0,0,0,0
2015-02-20 18:20:20,2,0,0,0,0
2015-02-20 18:20:25,3,0,0,0,0
2015-02-20 18:20:30,3,0,1,0,0
2015-02-20 18:20:35,0,0,0,0,0
2015-02-20 18:20:40,1,0,0,0,0
2015-02-20 18:20:45,1,0,0,0,0
2015-02-20 18:20:50,2,0,0,0,0
2015-02-20 18:20:55,1,0,0,0,0
2015-02-20 18:21:00,2,0,0,0,0
2015-02-20 18:21:05,1,0,0,0,0
2015-02-20 18:21:10,1,0,0,0,0
2015-02-20 18:21:15,0,0,0,0,0
2015-02-20 18:21:20,1,0,0,0,0
2015-02-20 18:21:25,1,0,0,0,0
2015-02-20 18:21:30,2,0,0,0,0
2015-02-20 18:21:35,0,0,0,0,0
2015-02-20 18:21:40,0,0,0,0,0
2015-02-20 18:21:45,1,0,1,0,0
2015-02-20 18:21:50,4,0,0,0,1
2015-02-20 18:21:55,1,0,0,0,0
2015-02-20 18:22:00,0,0,0,0,0
2015-02-20 18:22:05,1,0,0,0,0
2015-02-20 18:22:10,1,0,0,0,0
2015-02-20 18:22:15,3,0,0,0,0
2015-02-20 18:22:20,2,0,0,0,0
2015-02-20 18:22:25,1,0,0,0,0
2015-02-20 18:22:30,3,0,0,0,0
2015-02-20 18:22:35,2,0,0,0,0
2015-02-20 18:22:40,1,0,0,0,0
2015-02-20 18:22:45,5,0,0,0,0
2015-02-20 18:22:50,0,0,0,0,0
2015-02-20 18:22:55,0,0,0,0,0
2015-02-20 18:23:00,3,0,0,0,0
2015-02-20 18:23:05,3,0,0,0,0
2015-02-20 18:23:10,0,0,0,0,0
2015-02-20 18:23:15,2,0,0,0,0
2015-02-20 18:23:20,1,0,0,0,0
2015-02-20 18:23:25,0,0,0,0,0
2015-02-20 18:23:30,1,0,0,0,0
2015-02-20 18:23:35,2,0,0,0,0
2015-02-20 18:23:40,0,0,0,0,0
2015-02-20 18:23:45,2,0,0,0,0
2015-02-20 18:23:50,3,0,0,0,0
2015-02-20 18:23:55,1,0,0,0,0
2015-02-20 18:24:00,1,0,0,0,0
2015-02-20 18:24:05,3,0,0,0,0
2015-02-20 18:24:10,0,0,0,0,0
2015-02-20 18:24:15,1,0,0,0,0
2015-02-20 18:24:20,3,0,0,0,0
2015-02-20 18:24:25,2,1,1,0,0
2015-02-20 18:24:30,2,0,0,0,0
2015-02-20 18:24:35,3,0,0,0,0
2015-02-20 18:24:40,0,0,0,0,0
2015-02-20 18:24:45,2,0,0,0,0
2015-02-20 18:24:50,0,0,0,0,0
2015-02-20 18:24:55,1,0,0,0,0
2015-02-20 18:25:00,0,0,0,0,0
2015-02-20 18:25:05,4,0,1,0,0
2015-02-20 18:25:10,2,0,1,0,0
2015-02-20 18:25:15,3,0,0,0,0
2015-02-20 18:25:20,3,0,0,0,0
2015-02-20 18:25:25,2,0,0,0,0
2015-02-20 18:25:30,2,0,0,0,0
2015-02-20 18:25:35,0,0,0,0,0
2015-02-20 18:25:40,0,0,0,0,0
2015-02-20 18:25:45,2,0,0,0,0
2015-02-20 18:25:50,2,0,0,0,0
2015-02-20 18:25:55,0,0,0,0,0
2015-02-20 18:26:00,0,0,0,0,0
2015-02-20 18:26:05,1,0,0,0,0
2015-02-20 18:26:10,1,0,1,0,0
2015-02-20 18:26:15,0,0,0,0,0
2015-02-20 18:26:20,3,0,0,0,0
2015-02-20 18:26:25,3,0,0,0,0
2015-02-20 18:26:30,2,0,0,0,0
2015-02-20 18:26:35,1,0,0,0,0
2015-02-20 18:26:40,1,0,0,0,0
2015-02-20 18:26:45,0,0,0,0,0
2015-02-20 18:26:50,1,0,0,0,0
2015-02-20 18:26:55,2,0,1,0,1
2015-02-20 18:27:00,2,0,0,0,0
2015-02-20 18:27:05,0,0,0,0,0
2015-02-20 18:27:10,1,0,0,0,0
2015-02-20 18:27:15,0,0,0,0,0
2015-02-20 18:27:20,2,0,1,0,0
2015-02-20 18:27:25,0,0,0,0,0
2015-02-20 18:27:30,1,0,0,0,0
2015-02-20 18:27:35,4,0,0,0,0
2015-02-20 18:27:40,1,0,0,0,0
2015-02-20 18:27:45,1,0,0,0,0
2015-02-20 18:27:50,1,0,0,0,0
2015-02-20 18:27:55,1,0,0,0,0
2015-02-20 18:28:00,0,0,0,0,0
2015-02-20 18:28:05,2,1,0,0,0
2015-02-20 18:28:10,3,0,0,0,0
2015-02-20 18:28:15,1,0,0,0,0
2015-02-20 18:28:20,2,0,0,0,0
2015-02-20 18:28:25,0,0,0,0,0
2015-02-20 18:28:30,0,0,0,0,0
2015-02-20 18:28:35,2,1,1,0,0
2015-02-20 18:28:40,0,0,0,0,0
2015-02-20 18:28:45,1,0,0,0,0
2015-02-20 18:28:50,1,0,0,0,0
2015-02-20 18:28:55,3,0,0,0,0
2015-02-20 18:29:00,1,0,0,0,0
2015-02-20 18:29:05,1,0,0,0,0
2015-02-20 18:29:10,1,0,0,0,0
2015-02-20 18:29:15,1,0,0,0,1
2015-02-20 18:29:20,3,0,1,0,0
2015-02-20 18:29:25,2,0,0,0,0
2015-02-20 18:29:30,3,0,0,0,0
2015-02-20 18:29:35,2,0,0,0,0
2015-02-20 18:29:40,0,0,0,0,0
2015-02-20 18:29:45,1,0,0,0,0
2015-02-20 18:29:50,0,0,0,0,0
2015-02-20 18:29:55,0,0,0,0,0
2015-02-20 18:30:00,0,0,0,0,0
2015-02-20 18:30:05,1,0,0,0,0
2015-02-20 18:30:10,1,0,0,0,0
2015-02-20 18:30:15,1,0,0,0,0
2015-02-20 18:30:20,3,0,2,0,0
2015-02-20 18:30:25,3,0,0,0,0
2015-02-20 18:30:30,4,0,1,0,0
2015-02-20 18:30:35,4,0,0,0,1
2015-02-20 18:30:40,2,0,0,0,0
2015-02-20 18:30:45,1,0,0,0,0
2015-02-20 18:30:50,3,0,0,0,1
2015-02-20 18:30:55,0,0,0,0,0
2015-02-20 18:31:00,3,0,0,0,0
2015-02-20 18:31:05,2,0,0,0,0
2015-02-20 18:31:10,4,0,0,0,0
2015-02-20 18:31:15,3,0,0,0,0
2015-02-20 18:31:20,1,0,0,0,0
2015-02-20 18:31:25,1,0,0,0,0
2015-02-20 18:31:30,1,0,0,0,0
2015-02-20 18:31:35,3,0,0,0,0
2015-02-20 18:31:40,3,0,0,0,0
2015-02-20 18:31:45,3,0,1,0,0
2015-02-20 18:31:50,1,0,0,0,0
2015-02-20 18:31:55,3,0,0,0,0
2015-02-20 18:32:00,0,0,0,0,0
2015-02-20 18:32:05,1,0,0,0,0
2015-02-20 18:32:10,0,0,0,0,0
2015-02-20 18:32:15,1,0,0,0,0
2015-02-20 18:32:20,1,0,0,0,0
2015-02-20 18:32:25,2,0,0,0,0
2015-02-20 18:32:30,1,0,0,0,0
2015-02-20 18:32:35,1,0,0,0,0
2015-02-20 18:32:40,1,0,0,0,0
2015-02-20 18:32:45,1,0,0,0,0
2015-02-20 18:32:50,2,0,0,0,0
2015-02-20 18:32:55,1,0,0,0,0
2015-02-20 18:33:00,1,0,0,0,0
2015-02-20 18:33:05,2,0,0,0,1
2015-02-20 18:33:10,1,0,0,0,0
2015-02-20 18:33:15,1,0,1,0,0
2015-02-20 18:33:20,0,0,0,0,0
2015-02-20 18:33:25,0,0,0,0,0
2015-02-20 18:33:30,2,0,0,0,1
2015-02-20 18:33:35,0,0,0,0,0
2015-02-20 18:33:40,0,0,0,0,0
2015-02-20 18:33:45,1,0,0,0,0
2015-02-20 18:33:50,2,0,0,0,0
2015-02-20 18:33:55,2,0,1,0,0
2015-02-20 18:34:00,3,0,0,0,0
2015-02-20 18:34:05,1,0,0,0,0
2015-02-20 18:34:10,2,0,0,0,0
2015-02-20 18:34:15,0,0,0,0,0
2015-02-20 18:34:20,0,0,0,0,0
2015-02-20 18:34:25,2,0,0,0,0
2015-02-20 18:34:30,1,0,0,0,0
2015-02-20 18:34:35,0,0,0,0,0
2015-02-20 18:34:40,2,0,0,0,0
2015-02-20 18:34:45,2,0,0,0,0
2015-02-20 18:34:50,2,0,0,0,0
2015-02-20 18:34:55,1,0,0,0,0
2015-02-20 18:35:00,2,0,0,0,0
2015-02-20 18:35:05,1,0,0,0,0
2015-02-20 18:35:10,3,0,0,0,0
2015-02-20 18:35:15,2,0,0,0,0
2015-02-20 18:35:20,0,0,0,0,0
2015-02-20 18:35:25,2,0,0,0,0
2015-02-20 18:35:30,2,0,0,1,0
2015-02-20 18:35:35,4,0,0,0,0
2015-02-20 18:35:40,0,0,0,0,0
2015-02-20 18:35:45,1,0,0,0,0
2015-02-20 18:35:50,2,0,0,0,0
2015-02-20 18:35:55,1,0,0,0,0
2015-02-20 18:36:00,0,0,0,0,0
2015-02-20 18:36:05,0,0,0,0,0
2015-02-20 18:36:10,3,0,0,0,0
2015-02-20 18:36:15,2,0,0,0,0
2015-02-20 18:36:20,0,0,0,0,0
2015-02-20 18:36:25,0,0,0,0,0
2015-02-20 18:36:30,2,0,0,0,0
2015-02-20 18:36:35,1,0,0,0,0
2015-02-20 18:36:40,1,1,0,0,0
2015-02-20 18:36:45,1,0,0,0,0
2015-02-20 18:36:50,2,0,0,0,0
2015-02-20 18:36:55,0,0,0,0,0
2015-02-20 18:37:00,1,0,0,0,0
2015-02-20 18:37:05,2,0,0,0,0
2015-02-20 18:37:10,2,0,1,0,1
2015-02-20 18:37:15,0,0,0,0,0
2015-02-20 18:37:20,2,0,0,0,0
2015-02-20 18:37:25,2,0,0,0,0
2015-02-20 18:37:30,4,0,0,0,0
2015-02-20 18:37:35,3,0,0,0,0
2015-02-20 18:37:40,3,0,0,0,0
2015-02-20 18:37:45,1,0,0,0,0
2015-02-20 18:37:50,1,0,0,0,0
2015-02-20 18:37:55,4,0,0,0,0
2015-02-20 18:38:00,2,0,0,0,0
2015-02-20 18:38:05,2,0,0,0,0
2015-02-20 18:38:10,2,0,0,0,0
2015-02-20 18:38:15,0,0,0,0,0
2015-02-20 18:38:20,0,0,0,0,0
2015-02-20 18:38:25,1,0,0,0,0
2015-02-20 18:38:30,1,0,0,0,0
2015-02-20 18:38:35,0,0,0,0,0
2015-02-20 18:38:40,1,0,0,0,0
2015-02-20 18:38:45,1,0,0,0,0
2015-02-20 18:38:50,3,0,0,0,0
2015-02-20 18:38:55,0,0,0,0,0
2015-02-20 18:39:00,0,0,0,0,0
2015-02-20 18:39:05,1,0,0,0,0
2015-02-20 18:39:10,6,0,0,0,0
2015-02-20 18:39:15,4,0,0,0,0
2015-02-20 18:39:20,0,0,0,0,0
2015-02-20 18:39:25,2,0,0,0,0
2015-02-20 18:39:30,0,0,0,0,0
2015-02-20 18:39:35,3,0,0,0,0
2015-02-20 18:39:40,1,0,0,0,0
2015-02-20 18:39:45,0,0,0,0,0
2015-02-20 18:39:50,1,0,0,0,0
2015-02-20 18:39:55,0,0,0,0,0
2015-02-20 18:40:00,1,0,0,0,0
2015-02-20 18:40:05,2,0,1,0,0
2015-02-20 18:40:10,2,0,0,0,0
2015-02-20 18:40:15,5,0,1,0,0
2015-02-20 18:40:20,0,0,0,0,0
2015-02-20 18:40:25,1,0,0,0,0
2015-02-20 18:40:30,2,0,0,0,0
2015-02-20 18:40:35,2,0,0,0,0
2015-02-20 18:40:40,0,0,0,0,0
2015-02-20 18:40:45,0,0,0,0,0
2015-02-20 18:40:50,2,0,0,0,0
2015-02-20 18:40:55,0,0,0,0,0
2015-02-20 18:41:00,2,0,0,0,0
2015-02-20 18:41:05,3,0,0,0,0
2015-02-20 18:41:10,0,0,0,0,0
2015-02-20 18:41:15,0,0,0,0,0
2015-02-20 18:41:20,2,0,0,0,0
2015-02-20 18:41:25,1,0,0,0,0
2015-02-20 18:41:30,0,0,0,0,0
2015-02-20 18:41:35,1,0,0,0,0
2015-02-20 18:41:40,1,0,0,0,0
2015-02-20 18:41:45,0,0,0,0,0
2015-02-20 18:41:50,1,0,0,0,0
2015-02-20 18:41:55,1,0,0,0,0
2015-02-20 18:42:00,1,0,0,0,0
2015-02-20 18:42:05,1,0,0,0,0
2015-02-20 18:42:10,0,0,0,0,0
2015-02-20 18:42:15,2,0,0,0,0
2015-02-20 18:42:20,0,0,0,0,0
2015-02-20 18:42:25,0,0,0,0,0
2015-02-20 18:42:30,2,0,0,0,0
2015-02-20 18:42:35,0,0,0,0,0
2015-02-20 18:42:40,3,0,0,0,0
2015-02-20 18:42:45,5,0,1,0,0
2015-02-20 18:42:50,1,0,0,0,0
2015-02-20 18:42:55,1,0,0,0,0
2015-02-20 18:43:00,2,0,0,0,0
2015-02-20 18:43:05,0,0,0,0,0
2015-02-20 18:43:10,2,0,0,0,0
2015-02-20 18:43:15,0,0,0,0,0
2015-02-20 18:43:20,0,0,0,0,0
2015-02-20 18:43:25,1,0,0,0,0
2015-02-20 18:43:30,1,0,0,0,0
2015-02-20 18:43:35,1,0,0,0,0
2015-02-20 18:43:40,1,0,0,0,0
2015-02-20 18:43:45,1,0,0,0,0
2015-02-20 18:43:50,0,0,0,0,0
2015-02-20 18:43:55,2,2,0,0,0
2015-02-20 18:44:00,2,0,0,0,0
2015-02-20 18:44:05,7,0,0,0,0
2015-02-20 18:44:10,1,0,0,0,0
2015-02-20 18:44:15,1,0,0,0,0
2015-02-20 18:44:20,1,0,0,0,0
2015-02-20 18:44:25,0,0,0,0,0
2015-02-20 18:44:30,0,0,0,0,0
2015-02-20 18:44:35,0,0,0,0,0
2015-02-20 18:44:40,0,0,0,0,0
2015-02-20 18:44:45,1,0,0,0,0
2015-02-20 18:44:50,3,0,0,0,0
2015-02-20 18:44:55,1,0,0,0,0
2015-02-20 18:45:00,2,0,0,0,0
2015-02-20 18:45:05,2,0,0,0,0
2015-02-20 18:45:10,5,0,1,0,0
2015-02-20 18:45:15,3,0,0,0,0
2015-02-20 18:45:20,2,0,1,0,0
2015-02-20 18:45:25,1,0,0,0,0
2015-02-20 18:45:30,0,0,0,0,0
2015-02-20 18:45:35,2,0,0,0,0
2015-02-20 18:45:40,4,0,0,0,1
2015-02-20 18:45:45,4,0,0,0,0
2015-02-20 18:45:50,0,0,0,0,0
2015-02-20 18:45:55,3,0,0,0,0
2015-02-20 18:46:00,0,0,0,0,0
2015-02-20 18:46:05,1,0,0,0,0
2015-02-20 18:46:10,3,0,1,0,0
2015-02-20 18:46:15,2,0,0,0,1
2015-02-20 18:46:20,3,0,0,0,0
2015-02-20 18:46:25,1,0,0,0,0
2015-02-20 18:46:30,0,0,0,0,0
2015-02-20 18:46:35,1,0,0,0,0
2015-02-20 18:46:40,1,0,0,0,0
2015-02-20 18:46:45,0,0,0,0,0
2015-02-20 18:46:50,1,0,0,0,0
2015-02-20 18:46:55,1,0,0,0,0
2015-02-20 18:47:00,1,0,0,0,0
2015-02-20 18:47:05,1,0,0,0,0
2015-02-20 18:47:10,1,0,0,0,0
2015-02-20 18:47:15,0,0,0,0,0
2015-02-20 18:47:20,0,0,0,0,0
2015-02-20 18:47:25,1,0,0,0,0
2015-02-20 18:47:30,0,0,0,0,0
2015-02-20 18:47:35,0,0,0,0,0
2015-02-20 18:47:40,0,0,0,0,0
2015-02-20 18:47:45,1,0,0,0,0
2015-02-20 18:47:50,0,0,0,0,0
2015-02-20 18:47:55,0,0,0,0,0
2015-02-20 18:48:00,0,0,0,0,0
2015-02-20 18:48:05,1,0,0,0,0
2015-02-20 18:48:10,8,0,0,0,0
2015-02-20 18:48:15,3,0,0,0,0
2015-02-20 18:48:20,2,0,0,0,0
2015-02-20 18:48:25,1,0,0,0,0
2015-02-20 18:48:30,1,0,0,0,0
2015-02-20 18:48:35,1,0,0,0,0
2015-02-20 18:48:40,1,0,0,0,0
2015-02-20 18:48:45,0,0,0,0,0
2015-02-20 18:48:50,0,0,0,0,0
2015-02-20 18:48:55,1,0,0,0,0
2015-02-20 18:49:00,1,0,0,0,0
2015-02-20 18:49:05,0,0,0,0,0
2015-02-20 18:49:10,3,0,1,0,0
2015-02-20 18:49:15,2,0,0,0,0
2015-02-20 18:49:20,0,0,0,0,0
2015-02-20 18:49:25,3,0,0,0,0
2015-02-20 18:49:30,0,0,0,0,0
2015-02-20 18:49:35,2,0,0,0,0
2015-02-20 18:49:40,1,0,0,0,0
2015-02-20 18:49:45,0,0,0,0,0
2015-02-20 18:49:50,0,0,0,0,0
2015-02-20 18:49:55,2,0,0,0,0
2015-02-20 18:50:00,3,0,0,0,0
2015-02-20 18:50:05,2,0,1,0,0
2015-02-20 18:50:10,1,0,0,0,0
2015-02-20 18:50:15,1,0,0,0,0
2015-02-20 18:50:20,3,0,0,0,1
2015-02-20 18:50:25,2,0,0,0,0
2015-02-20 18:50:30,0,0,0,0,0
2015-02-20 18:50:35,1,0,0,0,0
2015-02-20 18:50:40,0,0,0,0,0
2015-02-20 18:50:45,1,0,0,0,0
2015-02-20 18:50:50,0,0,0,0,0
2015-02-20 18:50:55,0,0,0,0,0
2015-02-20 18:51:00,0,0,0,0,0
2015-02-20 18:51:05,1,0,0,0,0
2015-02-20 18:51:10,0,0,0,0,0
2015-02-20 18:51:15,3,0,0,0,0
2015-02-20 18:51:20,4,0,0,0,0
2015-02-20 18:51:25,5,0,0,0,0
2015-02-20 18:51:30,1,0,0,0,0
2015-02-20 18:51:35,0,0,0,0,0
2015-02-20 18:51:40,0,0,0,0,0
2015-02-20 18:51:45,1,0,0,0,0
2015-02-20 18:51:50,3,0,0,0,0
2015-02-20 18:51:55,1,0,0,0,0
2015-02-20 18:52:00,0,0,0,0,0
2015-02-20 18:52:05,1,0,0,0,0
2015-02-20 18:52:10,1,0,0,0,0
2015-02-20 18:52:15,1,0,0,0,0
2015-02-20 18:52:20,2,0,0,0,0
2015-02-20 18:52:25,0,0,0,0,0
2015-02-20 18:52:30,1,0,0,0,0
2015-02-20 18:52:35,0,0,0,0,0
2015-02-20 18:52:40,0,0,0,0,0
2015-02-20 18:52:45,2,0,0,0,0
2015-02-20 18:52:50,1,0,0,0,0
2015-02-20 18:52:55,2,0,0,0,0
2015-02-20 18:53:00,1,0,0,0,0
2015-02-20 18:53:05,1,0,0,0,0
2015-02-20 18:53:10,2,1,0,0,0
2015-02-20 18:53:15,1,0,0,0,0
2015-02-20 18:53:20,0,0,0,0,0
2015-02-20 18:53:25,2,0,0,0,0
2015-02-20 18:53:30,0,0,0,0,0
2015-02-20 18:53:35,2,0,0,0,0
2015-02-20 18:53:40,1,0,0,0,0
2015-02-20 18:53:45,1,0,0,0,0
2015-02-20 18:53:50,0,0,0,0,0
2015-02-20 18:53:55,2,0,0,0,0
2015-02-20 18:54:00,1,0,0,0,0
2015-02-20 18:54:05,2,0,1,0,0
2015-02-20 18:54:10,2,0,0,0,0
2015-02-20 18:54:15,1,0,0,0,0
2015-02-20 18:54:20,0,0,0,0,0
2015-02-20 18:54:25,0,0,0,0,0
2015-02-20 18:54:30,1,0,0,0,0
2015-02-20 18:54:35,0,0,0,0,0
2015-02-20 18:54:40,1,0,0,0,0
2015-02-20 18:54:45,1,0,0,0,0
2015-02-20 18:54:50,1,0,0,0,0
2015-02-20 18:54:55,0,0,0,0,0
2015-02-20 18:55:00,2,0,1,0,0
2015-02-20 18:55:05,0,0,0,0,0
2015-02-20 18:55:10,2,0,0,0,0
2015-02-20 18:55:15,3,0,0,0,0
2015-02-20 18:55:20,1,0,0,0,0
2015-02-20 18:55:25,2,0,0,0,0
2015-02-20 18:55:30,0,0,0,0,0
2015-02-20 18:55:35,1,0,0,0,0
2015-02-20 18:55:40,0,0,0,0,0
2015-02-20 18:55:45,2,0,0,0,0
2015-02-20 18:55:50,0,0,0,0,0
2015-02-20 18:55:55,2,0,0,0,0
2015-02-20 18:56:00,2,0,0,0,0
2015-02-20 18:56:05,1,0,0,0,0
2015-02-20 18:56:10,1,0,0,0,0
2015-02-20 18:56:15,1,0,0,0,0
2015-02-20 18:56:20,7,0,0,0,0
2015-02-20 18:56:25,0,0,0,0,0
2015-02-20 18:56:30,2,0,0,0,0
2015-02-20 18:56:35,1,0,0,0,0
2015-02-20 18:56:40,3,0,0,0,0
2015-02-20 18:56:45,1,0,0,0,0
2015-02-20 18:56:50,4,1,0,0,0
2015-02-20 18:56:55,0,0,0,0,0
2015-02-20 18:57:00,3,0,0,0,0
2015-02-20 18:57:05,1,0,0,0,0
2015-02-20 18:57:10,2,0,0,0,0
2015-02-20 18:57:15,0,0,0,0,0
2015-02-20 18:57:20,1,0,0,0,0
2015-02-20 18:57:25,0,0,0,0,0
2015-02-20 18:57:30,0,0,0,0,0
2015-02-20 18:57:35,1,0,0,0,0
2015-02-20 18:57:40,1,0,0,0,0
2015-02-20 18:57:45,1,0,0,0,0
2015-02-20 18:57:50,1,0,0,0,0
2015-02-20 18:57:55,1,0,0,0,0
2015-02-20 18:58:00,1,0,0,0,0
2015-02-20 18:58:05,1,0,0,0,0
2015-02-20 18:58:10,1,0,0,0,0
2015-02-20 18:58:15,0,0,0,0,0
2015-02-20 18:58:20,2,0,0,0,0
2015-02-20 18:58:25,1,0,0,0,0
2015-02-20 18:58:30,3,0,0,0,0
2015-02-20 18:58:35,1,0,0,0,0
2015-02-20 18:58:40,0,0,0,0,0
2015-02-20 18:58:45,1,0,0,0,0
2015-02-20 18:58:50,0,0,0,0,0
2015-02-20 18:58:55,1,0,0,0,0
2015-02-20 18:59:00,3,0,0,0,0
2015-02-20 18:59:05,1,0,0,0,0
2015-02-20 18:59:10,2,0,0,0,0
2015-02-20 18:59:15,2,0,0,0,0
2015-02-20 18:59:20,1,0,0,0,0
2015-02-20 18:59:25,1,0,0,0,0
2015-02-20 18:59:30,0,0,0,0,0
2015-02-20 18:59:35,2,0,0,0,0
2015-02-20 18:59:40,1,0,0,0,0
2015-02-20 18:59:45,2,0,0,0,0
2015-02-20 18:59:50,1,0,0,0,0
2015-02-20 18:59:55,2,0,0,0,0
2015-02-20 19:00:00,2,0,0,0,0
2015-02-20 19:00:05,3,0,0,0,0
2015-02-20 19:00:10,2,0,0,0,0
2015-02-20 19:00:15,2,0,0,0,0
2015-02-20 19:00:20,5,0,0,0,0
2015-02-20 19:00:25,5,0,0,0,0
2015-02-20 19:00:30,7,0,0,0,0
2015-02-20 19:00:35,3,0,0,0,0
2015-02-20 19:00:40,3,0,0,0,0
2015-02-20 19:00:45,4,0,0,0,0
2015-02-20 19:00:50,1,0,0,0,0
2015-02-20 19:00:55,1,0,0,0,0
2015-02-20 19:01:00,0,0,0,0,0
2015-02-20 19:01:05,3,0,0,0,0
2015-02-20 19:01:10,1,0,0,0,0
2015-02-20 19:01:15,2,0,0,0,0
2015-02-20 19:01:20,2,0,0,0,0
2015-02-20 19:01:25,2,0,0,0,0
2015-02-20 19:01:30,1,0,0,0,0
2015-02-20 19:01:35,0,0,0,0,0
2015-02-20 19:01:40,4,0,1,0,0
2015-02-20 19:01:45,6,0,0,0,0
2015-02-20 19:01:50,1,0,0,0,1
2015-02-20 19:01:55,0,0,0,0,0
2015-02-20 19:02:00,2,0,0,0,1
2015-02-20 19:02:05,2,0,0,0,0
2015-02-20 19:02:10,3,0,0,0,0
2015-02-20 19:02:15,1,0,0,0,0
2015-02-20 19:02:20,1,0,0,0,0
2015-02-20 19:02:25,2,0,1,0,0
2015-02-20 19:02:30,0,0,0,0,0
2015-02-20 19:02:35,1,0,0,0,0
2015-02-20 19:02:40,1,0,0,0,0
2015-02-20 19:02:45,0,0,0,0,0
2015-02-20 19:02:50,1,0,0,0,0
2015-02-20 19:02:55,1,0,0,0,0
2015-02-20 19:03:00,0,0,0,0,0
2015-02-20 19:03:05,2,0,0,0,0
2015-02-20 19:03:10,3,0,0,0,0
2015-02-20 19:03:15,2,0,0,0,1
2015-02-20 19:03:20,3,0,0,0,0
2015-02-20 19:03:25,2,0,0,0,1
2015-02-20 19:03:30,3,0,0,0,0
2015-02-20 19:03:35,1,0,0,0,0
2015-02-20 19:03:40,0,0,0,0,0
2015-02-20 19:03:45,1,0,0,0,0
2015-02-20 19:03:50,0,0,0,0,0
2015-02-20 19:03:55,2,0,0,0,0
2015-02-20 19:04:00,1,0,0,0,0
2015-02-20 19:04:05,0,0,0,0,0
2015-02-20 19:04:10,1,0,0,0,0
2015-02-20 19:04:15,1,0,0,0,0
2015-02-20 19:04:20,2,0,0,0,0
2015-02-20 19:04:25,1,0,0,0,0
2015-02-20 19:04:30,2,0,0,0,0
2015-02-20 19:04:35,3,0,0,0,0
2015-02-20 19:04:40,0,0,0,0,0
2015-02-20 19:04:45,1,0,0,0,0
2015-02-20 19:04:50,0,0,0,0,0
2015-02-20 19:04:55,1,0,0,0,0
2015-02-20 19:05:00,1,0,0,0,0
2015-02-20 19:05:05,2,0,0,0,0
2015-02-20 19:05:10,1,0,0,0,0
2015-02-20 19:05:15,2,1,0,0,0
2015-02-20 19:05:20,1,0,0,0,0
2015-02-20 19:05:25,2,0,0,0,0
2015-02-20 19:05:30,3,0,0,0,0
2015-02-20 19:05:35,0,0,0,0,0
2015-02-20 19:05:40,1,0,0,0,0
2015-02-20 19:05:45,1,0,0,0,0
2015-02-20 19:05:50,2,0,0,0,0
2015-02-20 19:05:55,1,0,0,0,0
2015-02-20 19:06:00,2,0,1,0,0
2015-02-20 19:06:05,1,0,0,0,0
2015-02-20 19:06:10,2,0,0,0,0
2015-02-20 19:06:15,0,0,0,0,0
2015-02-20 19:06:20,0,0,0,0,0
2015-02-20 19:06:25,1,0,0,0,0
2015-02-20 19:06:30,0,0,0,0,0
2015-02-20 19:06:35,0,0,0,0,0
2015-02-20 19:06:40,0,0,0,0,0
2015-02-20 19:06:45,0,0,0,0,0
2015-02-20 19:06:50,0,0,0,0,0
2015-02-20 19:06:55,0,0,0,0,0
2015-02-20 19:07:00,0,0,0,0,0
2015-02-20 19:07:05,0,0,0,0,0
2015-02-20 19:07:10,0,0,0,0,0
2015-02-20 19:07:15,0,0,0,0,0
2015-02-20 19:07:20,0,0,0,0,0
2015-02-20 19:07:25,0,0,0,0,0
2015-02-20 19:07:30,0,0,0,0,0
2015-02-20 19:07:35,0,0,0,0,0
2015-02-20 19:07:40,0,0,0,0,0
2015-02-20 19:07:45,0,0,0,0,0
2015-02-20 19:07:50,0,0,0,0,0
2015-02-20 19:07:55,0,0,0,0,0
2015-02-20 19:08:00,0,0,0,0,0
2015-02-20 19:08:05,0,0,0,0,0
2015-02-20 19:08:10,0,0,0,0,0
2015-02-20 19:08:15,0,0,0,0,0
2015-02-20 19:08:20,0,0,0,0,0
2015-02-20 19:08:25,0,0,0,0,0
2015-02-20 19:08:30,0,0,0,0,0
2015-02-20 19:08:35,0,0,0,0,0
2015-02-20 19:08:40,0,0,0,0,0
2015-02-20 19:08:45,0,0,0,0,0
2015-02-20 19:08:50,0,0,0,0,0
2015-02-20 19:08:55,0,0,0,0,0
2015-02-20 19:09:00,0,0,0,0,0
2015-02-20 19:09:05,0,0,0,0,0
2015-02-20 19:09:10,0,0,0,0,0
2015-02-20 19:09:15,0,0,0,0,0
2015-02-20 19:09:20,0,0,0,0,0
2015-02-20 19:09:25,0,0,0,0,0
2015-02-20 19:09:30,0,0,0,0,0
2015-02-20 19:09:35,0,0,0,0,0
2015-02-20 19:09:40,0,0,0,0,0
2015-02-20 19:09:45,0,0,0,0,0
2015-02-20 19:09:50,0,0,0,0,0
2015-02-20 19:09:55,0,0,0,0,0
2015-02-20 19:10:00,0,0,0,0,0
2015-02-20 19:10:05,0,0,0,0,0
2015-02-20 19:10:10,0,0,0,0,0
2015-02-20 19:10:15,0,0,0,0,0
2015-02-20 19:10:20,0,0,0,0,0
2015-02-20 19:10:25,0,0,0,0,0
2015-02-20 19:10:30,0,0,0,0,0
2015-02-20 19:10:35,0,0,0,0,0
2015-02-20 19:10:40,0,0,0,0,0
2015-02-20 19:10:45,2,0,1,0,0
2015-02-20 19:10:50,3,0,1,0,0
2015-02-20 19:10:55,1,0,0,0,0
2015-02-20 19:11:00,1,0,1,0,1
2015-02-20 19:11:05,3,0,0,0,0
2015-02-20 19:11:10,0,0,0,0,0
2015-02-20 19:11:15,0,0,0,0,0
2015-02-20 19:11:20,0,0,0,0,0
2015-02-20 19:11:25,1,0,0,0,0
2015-02-20 19:11:30,1,0,0,0,0
2015-02-20 19:11:35,0,0,0,0,0
2015-02-20 19:11:40,1,0,0,0,0
2015-02-20 19:11:45,2,0,1,0,0
2015-02-20 19:11:50,0,0,0,0,0
2015-02-20 19:11:55,0,0,0,0,0
2015-02-20 19:12:00,1,0,0,0,0
2015-02-20 19:12:05,0,0,0,0,0
2015-02-20 19:12:10,1,0,0,0,0
2015-02-20 19:12:15,1,0,0,0,1
2015-02-20 19:12:20,1,0,0,0,0
2015-02-20 19:12:25,1,0,0,0,0
2015-02-20 19:12:30,1,0,0,0,0
2015-02-20 19:12:35,1,0,0,0,0
2015-02-20 19:12:40,2,0,0,0,0
2015-02-20 19:12:45,0,0,0,0,0
2015-02-20 19:12:50,0,0,0,0,0
2015-02-20 19:12:55,1,0,0,0,0
2015-02-20 19:13:00,1,0,0,0,0
2015-02-20 19:13:05,2,0,0,0,0
2015-02-20 19:13:10,1,0,0,0,0
2015-02-20 19:13:15,1,0,0,0,0
2015-02-20 19:13:20,1,0,0,0,0
2015-02-20 19:13:25,3,0,1,0,0
2015-02-20 19:13:30,4,0,0,0,0
2015-02-20 19:13:35,1,0,1,0,0
2015-02-20 19:13:40,2,0,0,0,0
2015-02-20 19:13:45,4,0,0,0,0
2015-02-20 19:13:50,2,1,0,0,0
2015-02-20 19:13:55,0,0,0,0,0
2015-02-20 19:14:00,0,0,0,0,0
2015-02-20 19:14:05,1,0,0,0,0
2015-02-20 19:14:10,0,0,0,0,0
2015-02-20 19:14:15,1,0,0,0,0
2015-02-20 19:14:20,1,0,0,0,1
2015-02-20 19:14:25,2,0,1,0,0
2015-02-20 19:14:30,3,0,1,0,0
2015-02-20 19:14:35,1,0,0,0,0
2015-02-20 19:14:40,3,0,0,0,0
2015-02-20 19:14:45,2,0,0,0,0
2015-02-20 19:14:50,1,0,0,0,0
2015-02-20 19:14:55,3,0,0,0,0
2015-02-20 19:15:00,1,0,0,0,0
2015-02-20 19:15:05,1,0,0,0,0
2015-02-20 19:15:10,1,0,0,0,0
2015-02-20 19:15:15,5,0,0,0,0
2015-02-20 19:15:20,2,1,0,0,0
2015-02-20 19:15:25,2,0,0,0,0
2015-02-20 19:15:30,2,0,0,0,0
2015-02-20 19:15:35,2,0,0,0,0
2015-02-20 19:15:40,2,0,0,0,0
2015-02-20 19:15:45,2,0,0,0,0
2015-02-20 19:15:50,1,0,1,0,0
2015-02-20 19:15:55,5,0,1,0,0
2015-02-20 19:16:00,1,0,0,0,0
2015-02-20 19:16:05,3,0,0,0,0
2015-02-20 19:16:10,2,0,0,0,0
2015-02-20 19:16:15,1,0,0,0,0
2015-02-20 19:16:20,1,0,0,0,0
2015-02-20 19:16:25,0,0,0,0,0
2015-02-20 19:16:30,1,0,0,0,0
2015-02-20 19:16:35,1,0,0,0,0
2015-02-20 19:16:40,0,0,0,0,0
2015-02-20 19:16:45,1,0,0,0,0
2015-02-20 19:16:50,0,0,0,0,0
2015-02-20 19:16:55,2,1,1,0,0
2015-02-20 19:17:00,1,0,0,0,0
2015-02-20 19:17:05,2,0,1,0,0
2015-02-20 19:17:10,5,0,0,0,0
2015-02-20 19:17:15,2,0,0,0,0
2015-02-20 19:17:20,1,0,0,0,0
2015-02-20 19:17:25,3,0,1,0,0
2015-02-20 19:17:30,3,0,1,0,0
2015-02-20 19:17:35,2,0,1,0,0
2015-02-20 19:17:40,0,0,0,0,0
2015-02-20 19:17:45,1,0,0,0,0
2015-02-20 19:17:50,2,0,0,0,0
2015-02-20 19:17:55,2,0,0,0,0
2015-02-20 19:18:00,1,0,0,0,0
2015-02-20 19:18:05,0,0,0,0,0
2015-02-20 19:18:10,0,0,0,0,0
2015-02-20 19:18:15,0,0,0,0,0
2015-02-20 19:18:20,1,0,1,0,0
2015-02-20 19:18:25,0,0,0,0,0
2015-02-20 19:18:30,0,0,0,0,0
2015-02-20 19:18:35,2,0,0,0,0
2015-02-20 19:18:40,2,1,0,0,0
2015-02-20 19:18:45,1,0,0,0,0
2015-02-20 19:18:50,3,0,0,0,0
2015-02-20 19:18:55,3,0,0,0,0
2015-02-20 19:19:00,1,0,0,0,0
2015-02-20 19:19:05,1,0,0,0,0
2015-02-20 19:19:10,0,0,0,0,0
2015-02-20 19:19:15,1,0,0,0,0
2015-02-20 19:19:20,1,0,0,0,0
2015-02-20 19:19:25,1,0,0,0,0
2015-02-20 19:19:30,0,0,0,0,0
2015-02-20 19:19:35,2,0,0,0,0
2015-02-20 19:19:40,1,0,0,0,0
2015-02-20 19:19:45,0,0,0,0,0
2015-02-20 19:19:50,1,0,0,0,0
2015-02-20 19:19:55,2,0,0,0,0
2015-02-20 19:20:00,1,0,0,0,0
2015-02-20 19:20:05,3,0,0,0,0
2015-02-20 19:20:10,3,0,0,0,0
2015-02-20 19:20:15,1,0,1,0,0
2015-02-20 19:20:20,2,0,0,0,0
2015-02-20 19:20:25,4,0,0,0,0
2015-02-20 19:20:30,2,0,0,0,0
2015-02-20 19:20:35,3,0,0,0,0
2015-02-20 19:20:40,1,0,0,0,0
2015-02-20 19:20:45,1,0,0,0,0
2015-02-20 19:20:50,1,0,0,0,0
2015-02-20 19:20:55,2,0,0,0,0
2015-02-20 19:21:00,4,0,1,0,0
2015-02-20 19:21:05,2,0,0,0,0
2015-02-20 19:21:10,1,0,1,0,0
2015-02-20 19:21:15,0,0,0,0,0
2015-02-20 19:21:20,1,0,0,0,0
2015-02-20 19:21:25,2,0,1,0,0
2015-02-20 19:21:30,1,0,0,0,0
2015-02-20 19:21:35,1,0,0,0,0
2015-02-20 19:21:40,2,0,0,0,0
2015-02-20 19:21:45,4,0,0,0,0
2015-02-20 19:21:50,1,0,0,0,0
2015-02-20 19:21:55,1,0,0,0,0
2015-02-20 19:22:00,0,0,0,0,0
2015-02-20 19:22:05,1,0,1,0,0
2015-02-20 19:22:10,2,0,0,0,1
2015-02-20 19:22:15,1,0,0,0,0
2015-02-20 19:22:20,5,0,0,0,0
2015-02-20 19:22:25,1,0,0,0,0
2015-02-20 19:22:30,0,0,0,0,0
2015-02-20 19:22:35,3,0,0,0,0
2015-02-20 19:22:40,0,0,0,0,0
2015-02-20 19:22:45,2,0,0,0,0
2015-02-20 19:22:50,1,0,0,0,0
2015-02-20 19:22:55,0,0,0,0,0
2015-02-20 19:23:00,1,0,0,0,0
2015-02-20 19:23:05,1,0,1,0,0
2015-02-20 19:23:10,1,0,0,0,0
2015-02-20 19:23:15,2,0,0,0,0
2015-02-20 19:23:20,0,0,0,0,0
2015-02-20 19:23:25,1,0,0,0,0
2015-02-20 19:23:30,0,0,0,0,0
2015-02-20 19:23:35,1,0,0,0,0
2015-02-20 19:23:40,0,0,0,0,0
2015-02-20 19:23:45,0,0,0,0,0
2015-02-20 19:23:50,0,0,0,0,0
2015-02-20 19:23:55,1,0,0,0,0
2015-02-20 19:24:00,0,0,0,0,0
2015-02-20 19:24:05,2,0,1,0,0
2015-02-20 19:24:10,0,0,0,0,0
2015-02-20 19:24:15,1,0,0,0,0
2015-02-20 19:24:20,1,0,0,0,0
2015-02-20 19:24:25,0,0,0,0,0
2015-02-20 19:24:30,3,0,0,0,0
2015-02-20 19:24:35,1,0,0,0,0
2015-02-20 19:24:40,0,0,0,0,0
2015-02-20 19:24:45,2,0,0,0,0
2015-02-20 19:24:50,0,0,0,0,0
2015-02-20 19:24:55,2,0,0,0,0
2015-02-20 19:25:00,3,0,0,0,0
2015-02-20 19:25:05,2,0,0,0,0
2015-02-20 19:25:10,1,0,0,0,0
2015-02-20 19:25:15,2,0,0,0,0
2015-02-20 19:25:20,0,0,0,0,0
2015-02-20 19:25:25,2,0,0,0,0
2015-02-20 19:25:30,1,0,0,0,0
2015-02-20 19:25:35,2,0,0,0,0
2015-02-20 19:25:40,1,0,0,0,0
2015-02-20 19:25:45,0,0,0,0,0
2015-02-20 19:25:50,0,0,0,0,0
2015-02-20 19:25:55,0,0,0,0,0
2015-02-20 19:26:00,1,0,0,0,0
2015-02-20 19:26:05,1,0,0,0,0
2015-02-20 19:26:10,0,0,0,0,0
2015-02-20 19:26:15,1,0,0,0,0
2015-02-20 19:26:20,0,0,0,0,0
2015-02-20 19:26:25,0,0,0,0,0
2015-02-20 19:26:30,0,0,0,0,0
2015-02-20 19:26:35,0,0,0,0,0
2015-02-20 19:26:40,1,0,0,0,0
2015-02-20 19:26:45,0,0,0,0,0
2015-02-20 19:26:50,1,0,0,0,0
2015-02-20 19:26:55,3,0,0,0,0
2015-02-20 19:27:00,0,0,0,0,0
2015-02-20 19:27:05,0,0,0,0,0
2015-02-20 19:27:10,3,0,0,0,0
2015-02-20 19:27:15,1,0,0,0,0
2015-02-20 19:27:20,1,0,0,0,0
2015-02-20 19:27:25,1,0,1,0,0
2015-02-20 19:27:30,2,0,1,0,0
2015-02-20 19:27:35,3,0,0,0,0
2015-02-20 19:27:40,1,0,1,0,0
2015-02-20 19:27:45,2,0,0,0,0
2015-02-20 19:27:50,0,0,0,0,0
2015-02-20 19:27:55,2,0,0,0,0
2015-02-20 19:28:00,0,0,0,0,0
2015-02-20 19:28:05,0,0,0,0,0
2015-02-20 19:28:10,1,0,0,0,0
2015-02-20 19:28:15,2,0,1,0,0
2015-02-20 19:28:20,0,0,0,0,0
2015-02-20 19:28:25,2,0,0,0,0
2015-02-20 19:28:30,1,0,0,0,0
2015-02-20 19:28:35,1,0,0,0,0
2015-02-20 19:28:40,0,0,0,0,0
2015-02-20 19:28:45,0,0,0,0,0
2015-02-20 19:28:50,0,0,0,0,0
2015-02-20 19:28:55,1,1,1,0,0
2015-02-20 19:29:00,1,0,0,0,0
2015-02-20 19:29:05,1,0,0,0,0
2015-02-20 19:29:10,3,0,0,0,0
2015-02-20 19:29:15,2,0,0,0,0
2015-02-20 19:29:20,1,0,0,0,0
2015-02-20 19:29:25,0,0,0,0,0
2015-02-20 19:29:30,2,0,0,0,0
2015-02-20 19:29:35,2,0,0,0,0
2015-02-20 19:29:40,5,0,0,0,0
2015-02-20 19:29:45,0,0,0,0,0
2015-02-20 19:29:50,0,0,0,0,0
2015-02-20 19:29:55,1,0,0,0,0
2015-02-20 19:30:00,1,0,0,0,0
2015-02-20 19:30:05,3,0,0,0,0
2015-02-20 19:30:10,3,0,0,0,0
2015-02-20 19:30:15,3,0,0,0,0
2015-02-20 19:30:20,6,0,1,0,0
2015-02-20 19:30:25,3,0,0,0,0
2015-02-20 19:30:30,1,0,0,0,0
2015-02-20 19:30:35,1,0,0,0,0
2015-02-20 19:30:40,1,0,0,0,0
2015-02-20 19:30:45,3,0,0,0,0
2015-02-20 19:30:50,1,0,0,0,0
2015-02-20 19:30:55,2,0,0,0,0
2015-02-20 19:31:00,2,0,0,0,0
2015-02-20 19:31:05,2,0,0,0,0
2015-02-20 19:31:10,0,0,0,0,0
2015-02-20 19:31:15,1,0,0,0,0
2015-02-20 19:31:20,2,0,0,0,0
2015-02-20 19:31:25,3,0,1,0,0
2015-02-20 19:31:30,2,0,0,0,0
2015-02-20 19:31:35,1,0,0,0,0
2015-02-20 19:31:40,2,0,0,0,0
2015-02-20 19:31:45,2,0,0,0,0
2015-02-20 19:31:50,0,0,0,0,0
2015-02-20 19:31:55,2,0,0,0,0
2015-02-20 19:32:00,1,0,0,0,0
2015-02-20 19:32:05,0,0,0,0,0
2015-02-20 19:32:10,2,0,0,0,0
2015-02-20 19:32:15,1,0,1,0,0
2015-02-20 19:32:20,0,0,0,0,0
2015-02-20 19:32:25,2,0,0,0,0
2015-02-20 19:32:30,1,0,0,0,0
2015-02-20 19:32:35,1,0,0,0,0
2015-02-20 19:32:40,1,0,1,0,1
2015-02-20 19:32:45,3,0,1,0,0
2015-02-20 19:32:50,1,0,0,0,0
2015-02-20 19:32:55,0,0,0,0,0
2015-02-20 19:33:00,1,0,0,0,0
2015-02-20 19:33:05,0,0,0,0,0
2015-02-20 19:33:10,1,0,0,0,0
2015-02-20 19:33:15,0,0,0,0,0
2015-02-20 19:33:20,1,0,0,0,0
2015-02-20 19:33:25,2,0,0,0,0
2015-02-20 19:33:30,1,0,0,0,0
2015-02-20 19:33:35,2,0,0,0,0
2015-02-20 19:33:40,2,0,0,0,0
2015-02-20 19:33:45,2,0,0,0,0
2015-02-20 19:33:50,2,0,0,0,0
2015-02-20 19:33:55,0,0,0,0,0
2015-02-20 19:34:00,1,0,0,0,0
2015-02-20 19:34:05,0,0,0,0,0
2015-02-20 19:34:10,0,0,0,0,0
2015-02-20 19:34:15,0,0,0,0,0
2015-02-20 19:34:20,1,0,0,0,0
2015-02-20 19:34:25,1,0,0,0,0
2015-02-20 19:34:30,2,0,1,0,0
2015-02-20 19:34:35,2,0,1,0,0
2015-02-20 19:34:40,1,0,0,0,0
2015-02-20 19:34:45,0,0,0,0,0
2015-02-20 19:34:50,1,0,0,0,0
2015-02-20 19:34:55,1,0,0,0,0
2015-02-20 19:35:00,1,0,0,0,0
2015-02-20 19:35:05,1,0,0,0,0
2015-02-20 19:35:10,2,0,1,0,0
2015-02-20 19:35:15,0,0,0,0,0
2015-02-20 19:35:20,2,0,0,0,0
2015-02-20 19:35:25,1,0,0,0,0
2015-02-20 19:35:30,0,0,0,0,0
2015-02-20 19:35:35,2,0,0,0,0
2015-02-20 19:35:40,2,0,1,0,0
2015-02-20 19:35:45,2,0,0,0,0
2015-02-20 19:35:50,2,0,1,0,0
2015-02-20 19:35:55,1,0,0,0,0
2015-02-20 19:36:00,0,0,0,0,0
2015-02-20 19:36:05,1,0,0,0,0
2015-02-20 19:36:10,0,0,0,0,0
2015-02-20 19:36:15,0,0,0,0,0
2015-02-20 19:36:20,3,0,0,0,0
2015-02-20 19:36:25,0,0,0,0,0
2015-02-20 19:36:30,3,0,1,0,1
2015-02-20 19:36:35,0,0,0,0,0
2015-02-20 19:36:40,3,0,0,0,0
2015-02-20 19:36:45,0,0,0,0,0
2015-02-20 19:36:50,0,0,0,0,0
2015-02-20 19:36:55,4,0,0,0,0
2015-02-20 19:37:00,2,0,0,0,0
2015-02-20 19:37:05,1,0,0,0,0
2015-02-20 19:37:10,1,0,0,0,0
2015-02-20 19:37:15,2,0,0,0,0
2015-02-20 19:37:20,4,0,1,0,0
2015-02-20 19:37:25,0,0,0,0,0
2015-02-20 19:37:30,1,0,0,0,0
2015-02-20 19:37:35,0,0,0,0,0
2015-02-20 19:37:40,0,0,0,0,0
2015-02-20 19:37:45,0,0,0,0,0
2015-02-20 19:37:50,3,0,0,0,0
2015-02-20 19:37:55,0,0,0,0,0
2015-02-20 19:38:00,4,0,0,0,0
2015-02-20 19:38:05,1,0,0,0,0
2015-02-20 19:38:10,0,0,0,0,0
2015-02-20 19:38:15,2,0,0,0,0
2015-02-20 19:38:20,1,0,1,0,1
2015-02-20 19:38:25,1,0,0,0,0
2015-02-20 19:38:30,1,0,0,0,0
2015-02-20 19:38:35,0,0,0,0,0
2015-02-20 19:38:40,0,0,0,0,0
2015-02-20 19:38:45,1,0,0,0,0
2015-02-20 19:38:50,2,0,0,0,0
2015-02-20 19:38:55,2,0,0,0,0
2015-02-20 19:39:00,0,0,0,0,0
2015-02-20 19:39:05,0,0,0,0,0
2015-02-20 19:39:10,1,0,0,0,0
2015-02-20 19:39:15,0,0,0,0,0
2015-02-20 19:39:20,0,0,0,0,0
2015-02-20 19:39:25,1,0,0,0,0
2015-02-20 19:39:30,0,0,0,0,0
2015-02-20 19:39:35,0,0,0,0,0
2015-02-20 19:39:40,0,0,0,0,0
2015-02-20 19:39:45,1,0,0,0,0
2015-02-20 19:39:50,2,1,1,0,0
2015-02-20 19:39:55,1,0,0,0,0
2015-02-20 19:40:00,0,0,0,0,0
2015-02-20 19:40:05,1,0,0,0,0
2015-02-20 19:40:10,1,0,1,0,0
2015-02-20 19:40:15,3,0,0,0,0
2015-02-20 19:40:20,3,0,0,0,0
2015-02-20 19:40:25,3,0,0,1,0
2015-02-20 19:40:30,2,0,0,0,0
2015-02-20 19:40:35,3,0,0,0,0
2015-02-20 19:40:40,1,0,0,0,0
2015-02-20 19:40:45,2,0,0,0,0
2015-02-20 19:40:50,2,0,0,0,0
2015-02-20 19:40:55,2,0,0,0,0
2015-02-20 19:41:00,6,0,0,0,0
2015-02-20 19:41:05,2,0,0,0,0
2015-02-20 19:41:10,1,0,0,0,0
2015-02-20 19:41:15,2,0,0,0,0
2015-02-20 19:41:20,0,0,0,0,0
2015-02-20 19:41:25,1,0,0,0,0
2015-02-20 19:41:30,1,0,0,0,0
2015-02-20 19:41:35,4,0,0,0,0
2015-02-20 19:41:40,2,0,0,0,0
2015-02-20 19:41:45,3,0,0,0,0
2015-02-20 19:41:50,0,0,0,0,0
2015-02-20 19:41:55,0,0,0,0,0
2015-02-20 19:42:00,0,0,0,0,0
2015-02-20 19:42:05,0,0,0,0,0
2015-02-20 19:42:10,2,0,1,0,0
2015-02-20 19:42:15,1,0,0,0,0
2015-02-20 19:42:20,5,0,0,0,0
2015-02-20 19:42:25,0,0,0,0,0
2015-02-20 19:42:30,1,0,1,0,0
2015-02-20 19:42:35,2,0,0,0,0
2015-02-20 19:42:40,0,0,0,0,0
2015-02-20 19:42:45,1,0,0,0,0
2015-02-20 19:42:50,3,0,0,0,0
2015-02-20 19:42:55,0,0,0,0,0
2015-02-20 19:43:00,2,0,0,0,0
2015-02-20 19:43:05,0,0,0,0,0
2015-02-20 19:43:10,0,0,0,0,0
2015-02-20 19:43:15,0,0,0,0,0
2015-02-20 19:43:20,1,0,0,0,0
2015-02-20 19:43:25,1,0,1,0,0
2015-02-20 19:43:30,0,0,0,0,0
2015-02-20 19:43:35,2,0,0,0,1
2015-02-20 19:43:40,1,0,0,0,0
2015-02-20 19:43:45,1,0,0,0,0
2015-02-20 19:43:50,0,0,0,0,0
2015-02-20 19:43:55,3,0,0,0,0
2015-02-20 19:44:00,2,0,0,0,0
2015-02-20 19:44:05,0,0,0,0,0
2015-02-20 19:44:10,1,0,0,0,0
2015-02-20 19:44:15,2,0,0,0,0
2015-02-20 19:44:20,0,0,0,0,0
2015-02-20 19:44:25,0,0,0,0,0
2015-02-20 19:44:30,1,0,0,0,0
2015-02-20 19:44:35,1,0,0,0,0
2015-02-20 19:44:40,1,0,0,0,0
2015-02-20 19:44:45,0,0,0,0,0
2015-02-20 19:44:50,0,0,0,0,0
2015-02-20 19:44:55,2,0,0,0,0
2015-02-20 19:45:00,2,0,1,0,0
2015-02-20 19:45:05,3,0,0,0,0
2015-02-20 19:45:10,2,0,0,0,0
2015-02-20 19:45:15,2,0,0,0,0
2015-02-20 19:45:20,5,0,1,0,0
2015-02-20 19:45:25,3,0,0,0,0
2015-02-20 19:45:30,2,0,0,0,0
2015-02-20 19:45:35,3,0,0,0,0
2015-02-20 19:45:40,1,0,0,0,0
2015-02-20 19:45:45,1,0,0,0,0
2015-02-20 19:45:50,1,0,0,0,0
2015-02-20 19:45:55,0,0,0,0,0
2015-02-20 19:46:00,2,0,0,0,0
2015-02-20 19:46:05,0,0,0,0,0
2015-02-20 19:46:10,0,0,0,0,0
2015-02-20 19:46:15,1,0,0,0,0
2015-02-20 19:46:20,3,0,0,0,0
2015-02-20 19:46:25,1,0,0,0,0
2015-02-20 19:46:30,1,0,0,0,0
2015-02-20 19:46:35,1,0,1,0,0
2015-02-20 19:46:40,1,0,0,0,0
2015-02-20 19:46:45,1,0,0,0,0
2015-02-20 19:46:50,0,0,0,0,0
2015-02-20 19:46:55,4,0,0,0,0
2015-02-20 19:47:00,0,0,0,0,0
2015-02-20 19:47:05,0,0,0,0,0
2015-02-20 19:47:10,1,0,0,0,0
2015-02-20 19:47:15,1,0,0,0,0
2015-02-20 19:47:20,5,0,0,0,0
2015-02-20 19:47:25,1,0,0,0,0
2015-02-20 19:47:30,0,0,0,0,0
2015-02-20 19:47:35,1,0,0,0,0
2015-02-20 19:47:40,0,0,0,0,0
2015-02-20 19:47:45,1,0,0,0,0
2015-02-20 19:47:50,1,0,0,0,0
2015-02-20 19:47:55,1,0,0,0,0
2015-02-20 19:48:00,2,0,0,0,0
2015-02-20 19:48:05,0,0,0,0,0
2015-02-20 19:48:10,2,0,1,0,0
2015-02-20 19:48:15,2,0,1,0,0
2015-02-20 19:48:20,0,0,0,0,0
2015-02-20 19:48:25,0,0,0,0,0
2015-02-20 19:48:30,0,0,0,0,0
2015-02-20 19:48:35,1,0,0,0,0
2015-02-20 19:48:40,0,0,0,0,0
2015-02-20 19:48:45,1,0,0,0,0
2015-02-20 19:48:50,0,0,0,0,0
2015-02-20 19:48:55,3,0,0,0,0
2015-02-20 19:49:00,3,0,0,0,0
2015-02-20 19:49:05,0,0,0,0,0
2015-02-20 19:49:10,3,0,0,0,0
2015-02-20 19:49:15,1,0,0,0,0
2015-02-20 19:49:20,1,0,0,0,0
2015-02-20 19:49:25,2,0,1,0,0
2015-02-20 19:49:30,3,0,0,0,0
2015-02-20 19:49:35,0,0,0,0,0
2015-02-20 19:49:40,1,0,0,0,0
2015-02-20 19:49:45,1,0,0,0,0
2015-02-20 19:49:50,0,0,0,0,0
2015-02-20 19:49:55,1,0,0,0,0
2015-02-20 19:50:00,2,0,0,0,0
2015-02-20 19:50:05,0,0,0,0,0
2015-02-20 19:50:10,2,0,0,0,0
2015-02-20 19:50:15,4,0,0,0,0
2015-02-20 19:50:20,4,0,0,0,0
2015-02-20 19:50:25,0,0,0,0,0
2015-02-20 19:50:30,1,0,0,0,0
2015-02-20 19:50:35,1,0,0,0,0
2015-02-20 19:50:40,3,0,0,0,0
2015-02-20 19:50:45,0,0,0,0,0
2015-02-20 19:50:50,3,0,1,0,0
2015-02-20 19:50:55,0,0,0,0,0
2015-02-20 19:51:00,2,0,0,0,0
2015-02-20 19:51:05,1,0,0,0,0
2015-02-20 19:51:10,1,0,0,0,0
2015-02-20 19:51:15,0,0,0,0,0
2015-02-20 19:51:20,2,0,0,0,0
2015-02-20 19:51:25,2,0,0,0,0
2015-02-20 19:51:30,0,0,0,0,0
2015-02-20 19:51:35,0,0,0,0,0
2015-02-20 19:51:40,1,0,0,0,0
2015-02-20 19:51:45,0,0,0,0,0
2015-02-20 19:51:50,2,0,0,0,0
2015-02-20 19:51:55,1,0,0,0,0
2015-02-20 19:52:00,2,0,0,0,0
2015-02-20 19:52:05,1,0,0,0,0
2015-02-20 19:52:10,0,0,0,0,0
2015-02-20 19:52:15,1,0,0,0,0
2015-02-20 19:52:20,1,0,0,0,0
2015-02-20 19:52:25,0,0,0,0,0
2015-02-20 19:52:30,6,0,0,0,0
2015-02-20 19:52:35,4,0,0,0,0
2015-02-20 19:52:40,3,0,0,0,0
2015-02-20 19:52:45,2,0,0,0,0
2015-02-20 19:52:50,0,0,0,0,0
2015-02-20 19:52:55,3,0,0,0,0
2015-02-20 19:53:00,2,0,0,0,0
2015-02-20 19:53:05,1,0,0,0,0
2015-02-20 19:53:10,0,0,0,0,0
2015-02-20 19:53:15,1,0,0,0,0
2015-02-20 19:53:20,1,0,0,0,0
2015-02-20 19:53:25,4,0,0,0,0
2015-02-20 19:53:30,1,0,0,0,0
2015-02-20 19:53:35,1,0,0,0,0
2015-02-20 19:53:40,1,0,0,0,0
2015-02-20 19:53:45,2,0,0,0,0
2015-02-20 19:53:50,1,0,0,0,0
2015-02-20 19:53:55,1,0,0,0,0
2015-02-20 19:54:00,1,0,0,0,0
2015-02-20 19:54:05,1,0,0,0,0
2015-02-20 19:54:10,3,0,0,0,0
2015-02-20 19:54:15,4,0,0,0,0
2015-02-20 19:54:20,1,0,0,0,0
2015-02-20 19:54:25,0,0,0,0,0
2015-02-20 19:54:30,1,0,0,0,0
2015-02-20 19:54:35,1,0,0,0,0
2015-02-20 19:54:40,0,0,0,0,0
2015-02-20 19:54:45,1,0,0,0,0
2015-02-20 19:54:50,1,0,0,0,0
2015-02-20 19:54:55,0,0,0,0,0
2015-02-20 19:55:00,1,0,0,0,0
2015-02-20 19:55:05,2,0,1,0,0
2015-02-20 19:55:10,0,0,0,0,0
2015-02-20 19:55:15,6,0,0,0,3
2015-02-20 19:55:20,2,0,0,0,1
2015-02-20 19:55:25,0,0,0,0,0
2015-02-20 19:55:30,1,0,0,0,0
2015-02-20 19:55:35,3,0,0,0,0
2015-02-20 19:55:40,1,0,0,0,0
2015-02-20 19:55:45,0,0,0,0,0
2015-02-20 19:55:50,3,0,0,0,0
2015-02-20 19:55:55,0,0,0,0,0
2015-02-20 19:56:00,1,0,0,0,0
2015-02-20 19:56:05,1,0,0,0,0
2015-02-20 19:56:10,0,0,0,0,0
2015-02-20 19:56:15,0,0,0,0,0
2015-02-20 19:56:20,1,0,0,0,0
2015-02-20 19:56:25,1,0,0,0,0
2015-02-20 19:56:30,2,0,0,0,0
2015-02-20 19:56:35,3,0,0,0,0
2015-02-20 19:56:40,1,0,0,0,0
2015-02-20 19:56:45,1,0,0,0,0
2015-02-20 19:56:50,0,0,0,0,0
2015-02-20 19:56:55,2,0,1,0,0
2015-02-20 19:57:00,0,0,0,0,0
2015-02-20 19:57:05,1,0,0,0,0
2015-02-20 19:57:10,1,0,0,0,0
2015-02-20 19:57:15,0,0,0,0,0
2015-02-20 19:57:20,0,0,0,0,0
2015-02-20 19:57:25,0,0,0,0,0
2015-02-20 19:57:30,2,0,0,0,0
2015-02-20 19:57:35,2,0,0,0,0
2015-02-20 19:57:40,2,0,0,0,0
2015-02-20 19:57:45,0,0,0,0,0
2015-02-20 19:57:50,5,0,0,0,0
2015-02-20 19:57:55,0,0,0,0,0
2015-02-20 19:58:00,1,0,0,0,0
2015-02-20 19:58:05,0,0,0,0,0
2015-02-20 19:58:10,3,0,0,0,0
2015-02-20 19:58:15,0,0,0,0,0
2015-02-20 19:58:20,0,0,0,0,0
2015-02-20 19:58:25,3,0,0,0,0
2015-02-20 19:58:30,2,0,0,0,0
2015-02-20 19:58:35,2,0,1,0,0
2015-02-20 19:58:40,0,0,0,0,0
2015-02-20 19:58:45,4,0,0,0,0
2015-02-20 19:58:50,1,0,0,0,0
2015-02-20 19:58:55,1,0,0,0,0
2015-02-20 19:59:00,1,0,0,0,0
2015-02-20 19:59:05,0,0,0,0,0
2015-02-20 19:59:10,1,0,0,0,0
2015-02-20 19:59:15,0,0,0,0,0
2015-02-20 19:59:20,1,0,0,0,0
2015-02-20 19:59:25,1,0,0,0,0
2015-02-20 19:59:30,0,0,0,0,0
2015-02-20 19:59:35,0,0,0,0,0
2015-02-20 19:59:40,0,0,0,0,0
2015-02-20 19:59:45,1,0,0,0,0
2015-02-20 19:59:50,0,0,0,0,0
2015-02-20 19:59:55,0,0,0,0,0
2015-02-20 20:00:00,1,0,0,0,0
2015-02-20 20:00:05,5,0,0,0,0
2015-02-20 20:00:10,1,0,0,0,0
2015-02-20 20:00:15,2,0,0,0,0
2015-02-20 20:00:20,2,0,0,0,0
2015-02-20 20:00:25,1,0,0,0,0
2015-02-20 20:00:30,2,0,0,0,0
2015-02-20 20:00:35,6,0,0,0,0
2015-02-20 20:00:40,5,0,0,0,0
2015-02-20 20:00:45,1,0,0,0,0
2015-02-20 20:00:50,1,0,0,0,0
2015-02-20 20:00:55,1,0,0,0,0
2015-02-20 20:01:00,1,0,0,0,0
2015-02-20 20:01:05,1,0,0,0,0
2015-02-20 20:01:10,1,0,0,0,0
2015-02-20 20:01:15,1,0,0,0,0
2015-02-20 20:01:20,3,0,0,0,0
2015-02-20 20:01:25,4,0,0,0,0
2015-02-20 20:01:30,2,0,0,0,0
2015-02-20 20:01:35,6,0,0,0,0
2015-02-20 20:01:40,5,0,0,0,0
2015-02-20 20:01:45,1,0,0,0,0
2015-02-20 20:01:50,3,0,0,0,0
2015-02-20 20:01:55,0,0,0,0,0
2015-02-20 20:02:00,1,0,0,0,0
2015-02-20 20:02:05,4,0,0,0,0
2015-02-20 20:02:10,4,0,0,0,0
2015-02-20 20:02:15,1,0,0,0,0
2015-02-20 20:02:20,1,0,0,0,0
2015-02-20 20:02:25,0,0,0,0,0
2015-02-20 20:02:30,1,0,0,0,0
2015-02-20 20:02:35,1,0,0,0,0
2015-02-20 20:02:40,1,0,0,0,0
2015-02-20 20:02:45,2,0,0,0,0
2015-02-20 20:02:50,1,0,0,0,0
2015-02-20 20:02:55,0,0,0,0,0
2015-02-20 20:03:00,0,0,0,0,0
2015-02-20 20:03:05,0,0,0,0,0
2015-02-20 20:03:10,1,0,0,0,0
2015-02-20 20:03:15,1,0,0,0,0
2015-02-20 20:03:20,2,1,1,0,0
2015-02-20 20:03:25,1,0,0,0,0
2015-02-20 20:03:30,1,0,0,0,0
2015-02-20 20:03:35,0,0,0,0,0
2015-02-20 20:03:40,3,0,0,0,0
2015-02-20 20:03:45,1,0,0,0,0
2015-02-20 20:03:50,1,0,1,0,0
2015-02-20 20:03:55,1,0,0,0,0
2015-02-20 20:04:00,0,0,0,0,0
2015-02-20 20:04:05,0,0,0,0,0
2015-02-20 20:04:10,3,0,0,0,0
2015-02-20 20:04:15,1,0,0,0,0
2015-02-20 20:04:20,1,0,1,0,0
2015-02-20 20:04:25,1,0,0,0,0
2015-02-20 20:04:30,1,0,0,0,0
2015-02-20 20:04:35,3,0,0,0,0
2015-02-20 20:04:40,1,0,0,0,0
2015-02-20 20:04:45,1,0,0,0,0
2015-02-20 20:04:50,3,0,1,0,0
2015-02-20 20:04:55,1,0,0,0,0
2015-02-20 20:05:00,1,0,0,0,0
2015-02-20 20:05:05,2,1,0,0,0
2015-02-20 20:05:10,7,0,0,0,0
2015-02-20 20:05:15,3,0,0,0,0
2015-02-20 20:05:20,3,0,0,0,0
2015-02-20 20:05:25,1,0,0,0,0
2015-02-20 20:05:30,2,0,0,0,0
2015-02-20 20:05:35,4,0,1,0,0
2015-02-20 20:05:40,2,0,0,0,0
2015-02-20 20:05:45,1,0,0,0,0
2015-02-20 20:05:50,0,0,0,0,0
2015-02-20 20:05:55,2,0,0,0,0
2015-02-20 20:06:00,3,0,0,0,1
2015-02-20 20:06:05,2,0,0,0,0
2015-02-20 20:06:10,3,0,0,0,0
2015-02-20 20:06:15,6,0,0,0,0
2015-02-20 20:06:20,0,0,0,0,0
2015-02-20 20:06:25,3,0,0,0,0
2015-02-20 20:06:30,1,0,0,0,0
2015-02-20 20:06:35,0,0,0,0,0
2015-02-20 20:06:40,1,0,1,0,1
2015-02-20 20:06:45,0,0,0,0,0
2015-02-20 20:06:50,1,0,0,0,0
2015-02-20 20:06:55,2,0,0,0,0
2015-02-20 20:07:00,1,0,0,0,0
2015-02-20 20:07:05,0,0,0,0,0
2015-02-20 20:07:10,3,0,1,0,0
2015-02-20 20:07:15,0,0,0,0,0
2015-02-20 20:07:20,2,0,0,0,0
2015-02-20 20:07:25,1,0,0,0,0
2015-02-20 20:07:30,3,0,0,0,0
2015-02-20 20:07:35,0,0,0,0,0
2015-02-20 20:07:40,0,0,0,0,0
2015-02-20 20:07:45,1,0,0,0,0
2015-02-20 20:07:50,2,0,0,0,0
2015-02-20 20:07:55,0,0,0,0,0
2015-02-20 20:08:00,0,0,0,0,0
2015-02-20 20:08:05,2,0,1,0,1
2015-02-20 20:08:10,1,0,0,0,0
2015-02-20 20:08:15,1,0,0,0,0
2015-02-20 20:08:20,1,0,0,0,0
2015-02-20 20:08:25,2,0,0,0,0
2015-02-20 20:08:30,0,0,0,0,0
2015-02-20 20:08:35,0,0,0,0,0
2015-02-20 20:08:40,2,0,0,0,0
2015-02-20 20:08:45,0,0,0,0,0
2015-02-20 20:08:50,1,0,0,0,0
2015-02-20 20:08:55,1,0,0,0,0
2015-02-20 20:09:00,1,0,0,0,0
2015-02-20 20:09:05,3,0,0,0,1
2015-02-20 20:09:10,0,0,0,0,0
2015-02-20 20:09:15,0,0,0,0,0
2015-02-20 20:09:20,0,0,0,0,0
2015-02-20 20:09:25,1,0,0,0,0
2015-02-20 20:09:30,0,0,0,0,0
2015-02-20 20:09:35,2,0,0,0,0
2015-02-20 20:09:40,0,0,0,0,0
2015-02-20 20:09:45,1,0,0,0,0
2015-02-20 20:09:50,2,0,0,0,0
2015-02-20 20:09:55,0,0,0,0,0
2015-02-20 20:10:00,1,0,0,0,0
2015-02-20 20:10:05,1,0,0,0,0
2015-02-20 20:10:10,5,0,0,0,0
2015-02-20 20:10:15,1,0,0,0,0
2015-02-20 20:10:20,1,0,0,0,0
2015-02-20 20:10:25,4,0,0,0,1
2015-02-20 20:10:30,2,0,0,0,0
2015-02-20 20:10:35,1,0,0,0,0
2015-02-20 20:10:40,1,0,0,0,0
2015-02-20 20:10:45,1,0,0,0,0
2015-02-20 20:10:50,2,0,0,0,0
2015-02-20 20:10:55,1,0,0,0,0
2015-02-20 20:11:00,2,0,1,0,0
2015-02-20 20:11:05,0,0,0,0,0
2015-02-20 20:11:10,1,0,0,0,0
2015-02-20 20:11:15,1,0,0,0,0
2015-02-20 20:11:20,1,0,1,0,0
2015-02-20 20:11:25,1,0,0,0,0
2015-02-20 20:11:30,0,0,0,0,0
2015-02-20 20:11:35,1,0,0,0,0
2015-02-20 20:11:40,1,0,0,0,0
2015-02-20 20:11:45,1,0,0,0,0
2015-02-20 20:11:50,3,0,0,0,0
2015-02-20 20:11:55,1,0,0,0,0
2015-02-20 20:12:00,1,0,0,0,0
2015-02-20 20:12:05,2,0,0,0,1
2015-02-20 20:12:10,2,0,0,0,0
2015-02-20 20:12:15,1,0,0,0,0
2015-02-20 20:12:20,0,0,0,0,0
2015-02-20 20:12:25,0,0,0,0,0
2015-02-20 20:12:30,2,0,0,0,0
2015-02-20 20:12:35,1,0,0,0,0
2015-02-20 20:12:40,1,0,0,0,0
2015-02-20 20:12:45,1,0,0,0,0
2015-02-20 20:12:50,3,0,0,0,0
2015-02-20 20:12:55,2,0,0,0,0
2015-02-20 20:13:00,2,0,0,0,0
2015-02-20 20:13:05,4,0,1,0,0
2015-02-20 20:13:10,4,0,0,0,0
2015-02-20 20:13:15,1,0,0,0,0
2015-02-20 20:13:20,1,0,0,0,0
2015-02-20 20:13:25,0,0,0,0,0
2015-02-20 20:13:30,2,0,1,0,0
2015-02-20 20:13:35,1,0,1,0,0
2015-02-20 20:13:40,0,0,0,0,0
2015-02-20 20:13:45,4,0,0,0,0
2015-02-20 20:13:50,0,0,0,0,0
2015-02-20 20:13:55,0,0,0,0,0
2015-02-20 20:14:00,0,0,0,0,0
2015-02-20 20:14:05,1,0,0,0,0
2015-02-20 20:14:10,3,0,0,0,0
2015-02-20 20:14:15,1,0,0,0,0
2015-02-20 20:14:20,4,0,2,0,0
2015-02-20 20:14:25,1,0,0,0,0
2015-02-20 20:14:30,3,0,0,0,0
2015-02-20 20:14:35,1,0,0,0,0
2015-02-20 20:14:40,0,0,0,0,0
2015-02-20 20:14:45,0,0,0,0,0
2015-02-20 20:14:50,2,0,0,0,0
2015-02-20 20:14:55,0,0,0,0,0
2015-02-20 20:15:00,2,0,0,0,0
2015-02-20 20:15:05,1,0,0,0,0
2015-02-20 20:15:10,1,0,0,0,0
2015-02-20 20:15:15,3,0,0,0,0
2015-02-20 20:15:20,2,0,0,0,0
2015-02-20 20:15:25,2,0,0,0,0
2015-02-20 20:15:30,0,0,0,0,0
2015-02-20 20:15:35,2,0,0,0,0
2015-02-20 20:15:40,4,0,0,0,0
2015-02-20 20:15:45,1,0,0,0,0
2015-02-20 20:15:50,4,0,1,0,0
2015-02-20 20:15:55,1,0,0,0,0
2015-02-20 20:16:00,3,0,0,0,0
2015-02-20 20:16:05,1,0,0,0,0
2015-02-20 20:16:10,0,0,0,0,0
2015-02-20 20:16:15,1,0,0,0,0
2015-02-20 20:16:20,0,0,0,0,0
2015-02-20 20:16:25,1,0,0,0,0
2015-02-20 20:16:30,0,0,0,0,0
2015-02-20 20:16:35,0,0,0,0,0
2015-02-20 20:16:40,0,0,0,0,0
2015-02-20 20:16:45,2,0,0,0,0
2015-02-20 20:16:50,1,0,0,0,0
2015-02-20 20:16:55,0,0,0,0,0
2015-02-20 20:17:00,2,0,0,0,0
2015-02-20 20:17:05,1,0,0,0,0
2015-02-20 20:17:10,1,0,0,0,0
2015-02-20 20:17:15,2,0,0,0,0
2015-02-20 20:17:20,2,0,1,0,0
2015-02-20 20:17:25,1,0,0,0,0
2015-02-20 20:17:30,2,0,0,0,0
2015-02-20 20:17:35,2,0,1,0,0
2015-02-20 20:17:40,2,0,0,0,0
2015-02-20 20:17:45,1,0,0,0,0
2015-02-20 20:17:50,0,0,0,0,0
2015-02-20 20:17:55,1,0,0,0,0
2015-02-20 20:18:00,0,0,0,0,0
2015-02-20 20:18:05,1,0,0,0,0
2015-02-20 20:18:10,0,0,0,0,0
2015-02-20 20:18:15,3,0,0,0,0
2015-02-20 20:18:20,0,0,0,0,0
2015-02-20 20:18:25,0,0,0,0,0
2015-02-20 20:18:30,1,0,0,0,0
2015-02-20 20:18:35,2,0,0,0,0
2015-02-20 20:18:40,0,0,0,0,0
2015-02-20 20:18:45,0,0,0,0,0
2015-02-20 20:18:50,0,0,0,0,0
2015-02-20 20:18:55,1,0,0,0,0
2015-02-20 20:19:00,2,0,1,0,0
2015-02-20 20:19:05,2,0,0,0,0
2015-02-20 20:19:10,2,0,0,0,0
2015-02-20 20:19:15,4,0,0,0,0
2015-02-20 20:19:20,1,0,0,0,0
2015-02-20 20:19:25,3,0,0,0,0
2015-02-20 20:19:30,1,0,0,0,0
2015-02-20 20:19:35,2,0,1,0,0
2015-02-20 20:19:40,1,0,0,0,0
2015-02-20 20:19:45,0,0,0,0,0
2015-02-20 20:19:50,0,0,0,0,0
2015-02-20 20:19:55,1,0,0,0,0
2015-02-20 20:20:00,1,0,0,0,0
2015-02-20 20:20:05,1,0,0,0,0
2015-02-20 20:20:10,1,0,0,0,0
2015-02-20 20:20:15,5,0,0,0,0
2015-02-20 20:20:20,2,0,0,0,0
2015-02-20 20:20:25,3,0,0,0,0
2015-02-20 20:20:30,2,0,0,0,0
2015-02-20 20:20:35,1,0,0,0,0
2015-02-20 20:20:40,3,0,0,0,1
2015-02-20 20:20:45,0,0,0,0,0
2015-02-20 20:20:50,0,0,0,0,0
2015-02-20 20:20:55,1,0,0,0,0
2015-02-20 20:21:00,3,0,0,0,1
2015-02-20 20:21:05,2,0,0,0,0
2015-02-20 20:21:10,0,0,0,0,0
2015-02-20 20:21:15,0,0,0,0,0
2015-02-20 20:21:20,1,0,1,0,0
2015-02-20 20:21:25,1,0,0,0,0
2015-02-20 20:21:30,0,0,0,0,0
2015-02-20 20:21:35,2,0,0,0,0
2015-02-20 20:21:40,1,0,0,0,0
2015-02-20 20:21:45,1,0,0,0,0
2015-02-20 20:21:50,1,0,0,0,0
2015-02-20 20:21:55,1,0,0,0,0
2015-02-20 20:22:00,1,0,0,0,0
2015-02-20 20:22:05,2,0,0,0,0
2015-02-20 20:22:10,1,0,0,0,0
2015-02-20 20:22:15,1,0,0,0,0
2015-02-20 20:22:20,3,0,0,0,0
2015-02-20 20:22:25,3,0,0,0,0
2015-02-20 20:22:30,1,0,0,0,0
2015-02-20 20:22:35,0,0,0,0,0
2015-02-20 20:22:40,0,0,0,0,0
2015-02-20 20:22:45,0,0,0,0,0
2015-02-20 20:22:50,1,0,0,0,0
2015-02-20 20:22:55,1,0,0,0,0
2015-02-20 20:23:00,1,0,0,0,0
2015-02-20 20:23:05,0,0,0,0,0
2015-02-20 20:23:10,0,0,0,0,0
2015-02-20 20:23:15,2,0,0,0,0
2015-02-20 20:23:20,2,0,0,0,0
2015-02-20 20:23:25,2,0,0,0,0
2015-02-20 20:23:30,3,0,0,0,0
2015-02-20 20:23:35,1,0,0,0,0
2015-02-20 20:23:40,0,0,0,0,0
2015-02-20 20:23:45,2,0,0,0,0
2015-02-20 20:23:50,2,0,0,0,0
2015-02-20 20:23:55,0,0,0,0,0
2015-02-20 20:24:00,0,0,0,0,0
2015-02-20 20:24:05,0,0,0,0,0
2015-02-20 20:24:10,5,1,0,0,0
2015-02-20 20:24:15,1,0,0,0,0
2015-02-20 20:24:20,2,0,0,0,0
2015-02-20 20:24:25,4,0,1,0,1
2015-02-20 20:24:30,1,0,0,0,0
2015-02-20 20:24:35,1,0,0,0,0
2015-02-20 20:24:40,1,0,0,0,0
2015-02-20 20:24:45,3,0,1,0,0
2015-02-20 20:24:50,0,0,0,0,0
2015-02-20 20:24:55,1,0,0,0,0
2015-02-20 20:25:00,3,0,0,0,0
2015-02-20 20:25:05,0,0,0,0,0
2015-02-20 20:25:10,2,0,0,0,0
2015-02-20 20:25:15,6,0,0,0,0
2015-02-20 20:25:20,0,0,0,0,0
2015-02-20 20:25:25,0,0,0,0,0
2015-02-20 20:25:30,2,0,0,0,0
2015-02-20 20:25:35,2,0,1,0,0
2015-02-20 20:25:40,0,0,0,0,0
2015-02-20 20:25:45,1,0,0,0,0
2015-02-20 20:25:50,5,0,0,0,0
2015-02-20 20:25:55,1,0,0,0,0
2015-02-20 20:26:00,1,0,0,0,0
2015-02-20 20:26:05,1,0,0,0,0
2015-02-20 20:26:10,2,0,0,0,0
2015-02-20 20:26:15,1,0,0,0,0
2015-02-20 20:26:20,0,0,0,0,0
2015-02-20 20:26:25,1,0,0,0,0
2015-02-20 20:26:30,3,0,0,0,0
2015-02-20 20:26:35,0,0,0,0,0
2015-02-20 20:26:40,1,0,0,0,0
2015-02-20 20:26:45,0,0,0,0,0
2015-02-20 20:26:50,1,0,1,0,0
2015-02-20 20:26:55,2,0,0,0,0
2015-02-20 20:27:00,0,0,0,0,0
2015-02-20 20:27:05,2,0,0,0,0
2015-02-20 20:27:10,1,0,0,0,0
2015-02-20 20:27:15,3,0,0,0,0
2015-02-20 20:27:20,2,0,0,0,0
2015-02-20 20:27:25,3,0,0,0,0
2015-02-20 20:27:30,0,0,0,0,0
2015-02-20 20:27:35,1,0,0,0,0
2015-02-20 20:27:40,1,0,0,0,0
2015-02-20 20:27:45,0,0,0,0,0
2015-02-20 20:27:50,1,0,0,0,0
2015-02-20 20:27:55,1,0,0,0,0
2015-02-20 20:28:00,3,0,0,0,0
2015-02-20 20:28:05,2,0,0,0,0
2015-02-20 20:28:10,1,0,0,0,0
2015-02-20 20:28:15,4,0,0,0,0
2015-02-20 20:28:20,1,0,0,0,0
2015-02-20 20:28:25,1,0,0,0,0
2015-02-20 20:28:30,1,0,0,0,0
2015-02-20 20:28:35,1,0,0,0,0
2015-02-20 20:28:40,2,0,0,0,0
2015-02-20 20:28:45,0,0,0,0,0
2015-02-20 20:28:50,0,0,0,0,0
2015-02-20 20:28:55,0,0,0,0,0
2015-02-20 20:29:00,4,0,0,0,0
2015-02-20 20:29:05,0,0,0,0,0
2015-02-20 20:29:10,0,0,0,0,0
2015-02-20 20:29:15,0,0,0,0,0
2015-02-20 20:29:20,2,0,0,0,0
2015-02-20 20:29:25,0,0,0,0,0
2015-02-20 20:29:30,0,0,0,0,0
2015-02-20 20:29:35,1,0,0,0,0
2015-02-20 20:29:40,4,0,0,0,0
2015-02-20 20:29:45,5,0,0,0,0
2015-02-20 20:29:50,5,0,0,0,0
2015-02-20 20:29:55,7,0,0,0,0
2015-02-20 20:30:00,3,0,0,0,0
2015-02-20 20:30:05,3,0,0,0,0
2015-02-20 20:30:10,3,0,0,0,0
2015-02-20 20:30:15,1,0,0,0,0
2015-02-20 20:30:20,2,0,0,0,0
2015-02-20 20:30:25,3,0,0,0,0
2015-02-20 20:30:30,2,0,0,0,0
2015-02-20 20:30:35,3,0,0,0,0
2015-02-20 20:30:40,2,0,0,0,0
2015-02-20 20:30:45,0,0,0,0,0
2015-02-20 20:30:50,7,0,1,0,0
2015-02-20 20:30:55,1,0,0,0,0
2015-02-20 20:31:00,1,0,1,0,0
2015-02-20 20:31:05,2,0,0,0,0
2015-02-20 20:31:10,2,0,0,0,0
2015-02-20 20:31:15,0,0,0,0,0
2015-02-20 20:31:20,2,0,0,0,0
2015-02-20 20:31:25,1,0,0,0,0
2015-02-20 20:31:30,1,0,0,0,0
2015-02-20 20:31:35,3,0,0,0,0
2015-02-20 20:31:40,1,0,1,0,0
2015-02-20 20:31:45,0,0,0,0,0
2015-02-20 20:31:50,1,0,0,0,0
2015-02-20 20:31:55,2,0,1,0,0
2015-02-20 20:32:00,1,0,0,0,0
2015-02-20 20:32:05,3,0,0,0,0
2015-02-20 20:32:10,1,0,0,0,0
2015-02-20 20:32:15,0,0,0,0,0
2015-02-20 20:32:20,1,0,0,0,0
2015-02-20 20:32:25,0,0,0,0,0
2015-02-20 20:32:30,0,0,0,0,0
2015-02-20 20:32:35,1,0,0,0,0
2015-02-20 20:32:40,2,0,0,0,0
2015-02-20 20:32:45,0,0,0,0,0
2015-02-20 20:32:50,1,0,0,0,0
2015-02-20 20:32:55,2,0,0,0,0
2015-02-20 20:33:00,1,0,1,0,0
2015-02-20 20:33:05,2,0,0,0,0
2015-02-20 20:33:10,2,0,1,0,0
2015-02-20 20:33:15,2,0,0,0,0
2015-02-20 20:33:20,2,0,0,0,0
2015-02-20 20:33:25,2,0,0,0,0
2015-02-20 20:33:30,0,0,0,0,0
2015-02-20 20:33:35,2,0,0,0,0
2015-02-20 20:33:40,2,0,0,0,0
2015-02-20 20:33:45,1,0,0,0,0
2015-02-20 20:33:50,2,0,0,0,0
2015-02-20 20:33:55,0,0,0,0,0
2015-02-20 20:34:00,1,0,0,0,0
2015-02-20 20:34:05,2,0,1,0,0
2015-02-20 20:34:10,2,0,0,0,0
2015-02-20 20:34:15,1,0,0,0,0
2015-02-20 20:34:20,2,0,0,0,0
2015-02-20 20:34:25,4,0,2,0,0
2015-02-20 20:34:30,1,0,0,0,0
2015-02-20 20:34:35,1,0,0,0,0
2015-02-20 20:34:40,1,0,0,0,0
2015-02-20 20:34:45,1,0,0,0,0
2015-02-20 20:34:50,1,0,0,0,0
2015-02-20 20:34:55,1,0,0,0,0
2015-02-20 20:35:00,1,0,0,0,0
2015-02-20 20:35:05,3,0,0,0,1
2015-02-20 20:35:10,1,0,0,0,0
2015-02-20 20:35:15,2,0,0,0,0
2015-02-20 20:35:20,2,0,0,0,0
2015-02-20 20:35:25,0,0,0,0,0
2015-02-20 20:35:30,1,0,0,0,0
2015-02-20 20:35:35,0,0,0,0,0
2015-02-20 20:35:40,0,0,0,0,0
2015-02-20 20:35:45,0,0,0,0,0
2015-02-20 20:35:50,1,0,0,0,0
2015-02-20 20:35:55,1,0,0,0,0
2015-02-20 20:36:00,0,0,0,0,0
2015-02-20 20:36:05,0,0,0,0,0
2015-02-20 20:36:10,3,0,0,0,0
2015-02-20 20:36:15,1,0,0,0,0
2015-02-20 20:36:20,1,0,0,0,0
2015-02-20 20:36:25,1,0,0,0,1
2015-02-20 20:36:30,1,0,0,0,0
2015-02-20 20:36:35,1,0,0,0,0
2015-02-20 20:36:40,1,1,1,0,0
2015-02-20 20:36:45,0,0,0,0,0
2015-02-20 20:36:50,1,0,0,0,0
2015-02-20 20:36:55,0,0,0,0,0
2015-02-20 20:37:00,0,0,0,0,0
2015-02-20 20:37:05,1,0,0,0,0
2015-02-20 20:37:10,1,0,0,0,0
2015-02-20 20:37:15,1,0,0,0,0
2015-02-20 20:37:20,1,0,0,0,0
2015-02-20 20:37:25,4,0,1,0,0
2015-02-20 20:37:30,1,0,0,0,0
2015-02-20 20:37:35,0,0,0,0,0
2015-02-20 20:37:40,2,0,0,0,0
2015-02-20 20:37:45,0,0,0,0,0
2015-02-20 20:37:50,1,0,1,0,0
2015-02-20 20:37:55,0,0,0,0,0
2015-02-20 20:38:00,0,0,0,0,0
2015-02-20 20:38:05,2,0,0,0,0
2015-02-20 20:38:10,1,0,0,0,0
2015-02-20 20:38:15,0,0,0,0,0
2015-02-20 20:38:20,1,0,0,0,0
2015-02-20 20:38:25,0,0,0,0,0
2015-02-20 20:38:30,2,0,0,0,0
2015-02-20 20:38:35,3,0,0,0,0
2015-02-20 20:38:40,2,0,0,0,0
2015-02-20 20:38:45,0,0,0,0,0
2015-02-20 20:38:50,0,0,0,0,0
2015-02-20 20:38:55,1,0,0,0,0
2015-02-20 20:39:00,1,0,0,0,0
2015-02-20 20:39:05,0,0,0,0,0
2015-02-20 20:39:10,2,0,0,0,0
2015-02-20 20:39:15,0,0,0,0,0
2015-02-20 20:39:20,1,0,1,0,0
2015-02-20 20:39:25,2,0,0,0,0
2015-02-20 20:39:30,0,0,0,0,0
2015-02-20 20:39:35,1,0,0,0,0
2015-02-20 20:39:40,1,0,0,0,0
2015-02-20 20:39:45,1,0,0,0,0
2015-02-20 20:39:50,3,0,1,0,0
2015-02-20 20:39:55,0,0,0,0,0
2015-02-20 20:40:00,0,0,0,0,0
2015-02-20 20:40:05,2,0,0,0,0
2015-02-20 20:40:10,4,0,0,0,0
2015-02-20 20:40:15,2,0,0,0,0
2015-02-20 20:40:20,2,0,0,0,0
2015-02-20 20:40:25,2,0,0,0,0
2015-02-20 20:40:30,1,0,0,0,0
2015-02-20 20:40:35,0,0,0,0,0
2015-02-20 20:40:40,2,0,0,0,0
2015-02-20 20:40:45,0,0,0,0,0
2015-02-20 20:40:50,0,0,0,0,0
2015-02-20 20:40:55,1,0,0,0,0
2015-02-20 20:41:00,2,0,1,0,0
2015-02-20 20:41:05,0,0,0,0,0
2015-02-20 20:41:10,1,0,0,0,0
2015-02-20 20:41:15,2,0,1,0,0
2015-02-20 20:41:20,1,0,0,0,0
2015-02-20 20:41:25,3,0,0,0,1
2015-02-20 20:41:30,3,0,0,0,0
2015-02-20 20:41:35,1,0,0,0,0
2015-02-20 20:41:40,0,0,0,0,0
2015-02-20 20:41:45,0,0,0,0,0
2015-02-20 20:41:50,1,0,0,0,0
2015-02-20 20:41:55,3,0,0,0,0
2015-02-20 20:42:00,0,0,0,0,0
2015-02-20 20:42:05,1,0,0,0,0
2015-02-20 20:42:10,1,0,0,0,0
2015-02-20 20:42:15,1,0,0,0,0
2015-02-20 20:42:20,2,0,0,0,0
2015-02-20 20:42:25,3,0,0,0,0
2015-02-20 20:42:30,3,0,0,0,0
2015-02-20 20:42:35,2,0,0,0,0
2015-02-20 20:42:40,1,0,0,0,0
2015-02-20 20:42:45,0,0,0,0,0
2015-02-20 20:42:50,1,0,0,0,0
2015-02-20 20:42:55,0,0,0,0,0
2015-02-20 20:43:00,1,0,0,0,0
2015-02-20 20:43:05,5,0,0,0,0
2015-02-20 20:43:10,1,0,0,0,0
2015-02-20 20:43:15,0,0,0,0,0
2015-02-20 20:43:20,1,0,0,0,0
2015-02-20 20:43:25,2,0,1,0,0
2015-02-20 20:43:30,1,0,0,0,0
2015-02-20 20:43:35,0,0,0,0,0
2015-02-20 20:43:40,2,0,0,0,0
2015-02-20 20:43:45,1,0,0,0,0
2015-02-20 20:43:50,0,0,0,0,0
2015-02-20 20:43:55,1,0,0,0,0
2015-02-20 20:44:00,1,0,0,0,1
2015-02-20 20:44:05,2,0,0,0,0
2015-02-20 20:44:10,1,0,0,0,0
2015-02-20 20:44:15,3,0,0,0,0
2015-02-20 20:44:20,0,0,0,0,0
2015-02-20 20:44:25,1,0,0,0,0
2015-02-20 20:44:30,1,0,1,0,0
2015-02-20 20:44:35,1,0,0,0,0
2015-02-20 20:44:40,1,0,0,0,0
2015-02-20 20:44:45,2,0,0,0,0
2015-02-20 20:44:50,0,0,0,0,0
2015-02-20 20:44:55,1,0,0,0,0
2015-02-20 20:45:00,1,0,0,0,0
2015-02-20 20:45:05,7,1,0,0,1
2015-02-20 20:45:10,4,0,0,0,0
2015-02-20 20:45:15,5,0,0,0,0
2015-02-20 20:45:20,5,0,0,0,0
2015-02-20 20:45:25,1,0,0,0,0
2015-02-20 20:45:30,2,0,0,0,0
2015-02-20 20:45:35,3,0,1,0,0
2015-02-20 20:45:40,2,0,0,0,0
2015-02-20 20:45:45,3,0,0,0,0
2015-02-20 20:45:50,3,0,0,0,0
2015-02-20 20:45:55,0,0,0,0,0
2015-02-20 20:46:00,1,0,0,0,0
2015-02-20 20:46:05,1,0,0,0,0
2015-02-20 20:46:10,2,0,0,0,0
2015-02-20 20:46:15,1,0,0,0,0
2015-02-20 20:46:20,0,0,0,0,0
2015-02-20 20:46:25,1,0,0,0,0
2015-02-20 20:46:30,1,0,0,0,0
2015-02-20 20:46:35,1,0,0,0,0
2015-02-20 20:46:40,2,0,0,0,0
2015-02-20 20:46:45,1,0,0,0,0
2015-02-20 20:46:50,0,0,0,0,0
2015-02-20 20:46:55,1,0,0,0,0
2015-02-20 20:47:00,5,0,0,0,0
2015-02-20 20:47:05,3,0,2,0,1
2015-02-20 20:47:10,0,0,0,0,0
2015-02-20 20:47:15,1,0,0,0,0
2015-02-20 20:47:20,0,0,0,0,0
2015-02-20 20:47:25,1,0,1,0,0
2015-02-20 20:47:30,1,0,1,0,0
2015-02-20 20:47:35,0,0,0,0,0
2015-02-20 20:47:40,1,0,0,0,0
2015-02-20 20:47:45,1,0,0,0,0
2015-02-20 20:47:50,2,0,0,0,0
2015-02-20 20:47:55,3,0,0,0,0
2015-02-20 20:48:00,5,0,0,0,0
2015-02-20 20:48:05,1,0,0,0,0
2015-02-20 20:48:10,3,0,0,0,1
2015-02-20 20:48:15,1,0,1,0,0
2015-02-20 20:48:20,1,0,0,0,0
2015-02-20 20:48:25,1,0,0,0,0
2015-02-20 20:48:30,1,0,0,0,0
2015-02-20 20:48:35,0,0,0,0,0
2015-02-20 20:48:40,0,0,0,0,0
2015-02-20 20:48:45,1,0,0,0,0
2015-02-20 20:48:50,2,0,0,0,0
2015-02-20 20:48:55,0,0,0,0,0
2015-02-20 20:49:00,1,0,0,0,0
2015-02-20 20:49:05,1,0,0,0,0
2015-02-20 20:49:10,2,0,0,0,0
2015-02-20 20:49:15,1,0,0,0,0
2015-02-20 20:49:20,0,0,0,0,0
2015-02-20 20:49:25,0,0,0,0,0
2015-02-20 20:49:30,1,0,0,0,0
2015-02-20 20:49:35,1,0,0,0,0
2015-02-20 20:49:40,0,0,0,0,0
2015-02-20 20:49:45,5,0,0,0,0
2015-02-20 20:49:50,1,0,0,0,0
2015-02-20 20:49:55,0,0,0,0,0
2015-02-20 20:50:00,1,0,0,0,0
2015-02-20 20:50:05,3,0,0,0,0
2015-02-20 20:50:10,2,0,0,0,0
2015-02-20 20:50:15,2,0,0,0,0
2015-02-20 20:50:20,2,0,0,0,0
2015-02-20 20:50:25,1,0,0,0,0
2015-02-20 20:50:30,3,0,1,0,0
2015-02-20 20:50:35,0,0,0,0,0
2015-02-20 20:50:40,1,0,0,0,0
2015-02-20 20:50:45,0,0,0,0,0
2015-02-20 20:50:50,0,0,0,0,0
2015-02-20 20:50:55,1,0,0,0,0
2015-02-20 20:51:00,1,0,0,0,0
2015-02-20 20:51:05,1,0,0,0,0
2015-02-20 20:51:10,3,0,0,0,0
2015-02-20 20:51:15,1,0,0,0,0
2015-02-20 20:51:20,0,0,0,0,0
2015-02-20 20:51:25,0,0,0,0,0
2015-02-20 20:51:30,1,0,0,0,0
2015-02-20 20:51:35,2,0,0,0,0
2015-02-20 20:51:40,1,0,0,0,0
2015-02-20 20:51:45,0,0,0,0,0
2015-02-20 20:51:50,0,0,1,0,0
2015-02-20 20:51:55,2,0,0,0,0
2015-02-20 20:52:00,0,0,0,0,0
2015-02-20 20:52:05,1,0,0,0,0
2015-02-20 20:52:10,4,0,0,0,1
2015-02-20 20:52:15,3,0,1,0,0
2015-02-20 20:52:20,1,0,0,0,0
2015-02-20 20:52:25,1,0,0,0,0
2015-02-20 20:52:30,0,0,0,0,0
2015-02-20 20:52:35,1,0,0,0,0
2015-02-20 20:52:40,1,0,0,0,0
2015-02-20 20:52:45,0,0,0,0,0
2015-02-20 20:52:50,0,0,0,0,0
2015-02-20 20:52:55,0,0,0,0,0
2015-02-20 20:53:00,1,0,0,0,0
2015-02-20 20:53:05,1,0,0,0,1
2015-02-20 20:53:10,3,0,0,0,0
2015-02-20 20:53:15,1,0,0,0,0
2015-02-20 20:53:20,2,0,0,0,0
2015-02-20 20:53:25,4,0,0,0,0
2015-02-20 20:53:30,1,0,0,0,0
2015-02-20 20:53:35,2,0,0,0,0
2015-02-20 20:53:40,0,0,0,0,0
2015-02-20 20:53:45,1,0,0,0,0
2015-02-20 20:53:50,0,0,0,0,0
2015-02-20 20:53:55,2,0,0,0,0
2015-02-20 20:54:00,0,0,0,0,0
2015-02-20 20:54:05,3,0,0,0,0
2015-02-20 20:54:10,0,0,0,0,0
2015-02-20 20:54:15,1,0,0,0,0
2015-02-20 20:54:20,1,0,0,0,0
2015-02-20 20:54:25,0,0,0,0,0
2015-02-20 20:54:30,2,0,0,0,0
2015-02-20 20:54:35,1,0,0,0,0
2015-02-20 20:54:40,1,0,0,0,0
2015-02-20 20:54:45,1,0,0,0,0
2015-02-20 20:54:50,0,0,0,0,0
2015-02-20 20:54:55,0,0,0,0,0
2015-02-20 20:55:00,1,0,0,0,0
2015-02-20 20:55:05,0,0,0,0,0
2015-02-20 20:55:10,2,0,0,0,0
2015-02-20 20:55:15,2,0,0,0,0
2015-02-20 20:55:20,1,0,0,0,0
2015-02-20 20:55:25,2,0,0,0,0
2015-02-20 20:55:30,0,0,0,0,0
2015-02-20 20:55:35,0,0,0,0,0
2015-02-20 20:55:40,0,0,0,0,0
2015-02-20 20:55:45,0,0,0,0,0
2015-02-20 20:55:50,1,0,0,0,1
2015-02-20 20:55:55,1,0,0,0,0
2015-02-20 20:56:00,0,0,0,0,0
2015-02-20 20:56:05,0,0,0,0,0
2015-02-20 20:56:10,0,0,0,0,0
2015-02-20 20:56:15,2,0,0,0,0
2015-02-20 20:56:20,4,0,0,0,0
2015-02-20 20:56:25,4,0,0,0,0
2015-02-20 20:56:30,2,0,0,0,0
2015-02-20 20:56:35,1,0,0,0,0
2015-02-20 20:56:40,0,0,0,0,0
2015-02-20 20:56:45,1,0,0,0,0
2015-02-20 20:56:50,1,0,0,0,0
2015-02-20 20:56:55,2,0,0,0,0
2015-02-20 20:57:00,2,0,0,0,0
2015-02-20 20:57:05,1,0,1,0,0
2015-02-20 20:57:10,3,0,0,0,0
2015-02-20 20:57:15,3,0,0,0,1
2015-02-20 20:57:20,1,0,0,0,0
2015-02-20 20:57:25,0,0,0,0,0
2015-02-20 20:57:30,0,0,0,0,0
2015-02-20 20:57:35,2,0,0,0,0
2015-02-20 20:57:40,0,0,0,0,0
2015-02-20 20:57:45,0,0,0,0,0
2015-02-20 20:57:50,5,0,0,0,0
2015-02-20 20:57:55,1,0,0,0,0
2015-02-20 20:58:00,0,0,0,0,0
2015-02-20 20:58:05,3,0,0,0,0
2015-02-20 20:58:10,1,0,0,0,0
2015-02-20 20:58:15,2,0,0,0,0
2015-02-20 20:58:20,2,0,0,0,0
2015-02-20 20:58:25,0,0,0,0,0
2015-02-20 20:58:30,1,0,0,0,0
2015-02-20 20:58:35,3,0,0,0,0
2015-02-20 20:58:40,1,0,0,0,0
2015-02-20 20:58:45,1,0,0,0,0
2015-02-20 20:58:50,0,0,0,0,0
2015-02-20 20:58:55,0,0,0,0,0
2015-02-20 20:59:00,0,0,0,0,0
2015-02-20 20:59:05,2,0,0,0,0
2015-02-20 20:59:10,2,0,0,0,0
2015-02-20 20:59:15,3,0,0,0,0
2015-02-20 20:59:20,1,0,0,0,0
2015-02-20 20:59:25,0,0,0,0,0
2015-02-20 20:59:30,1,0,0,0,0
2015-02-20 20:59:35,0,0,0,0,0
2015-02-20 20:59:40,1,0,0,0,0
2015-02-20 20:59:45,2,0,0,0,0
2015-02-20 20:59:50,1,0,0,0,0
2015-02-20 20:59:55,1,0,0,0,0
2015-02-20 21:00:00,0,0,0,0,0
2015-02-20 21:00:05,1,0,0,0,0
2015-02-20 21:00:10,4,0,0,0,0
2015-02-20 21:00:15,5,0,0,0,0
2015-02-20 21:00:20,8,0,1,0,0
2015-02-20 21:00:25,3,0,0,0,0
2015-02-20 21:00:30,4,0,1,0,0
2015-02-20 21:00:35,6,0,0,0,0
2015-02-20 21:00:40,3,0,0,0,0
2015-02-20 21:00:45,2,0,0,0,0
2015-02-20 21:00:50,3,0,0,0,0
2015-02-20 21:00:55,1,0,0,0,0
2015-02-20 21:01:00,4,0,0,0,0
2015-02-20 21:01:05,2,0,0,0,0
2015-02-20 21:01:10,1,0,0,0,0
2015-02-20 21:01:15,2,0,0,0,0
2015-02-20 21:01:20,2,0,0,0,0
2015-02-20 21:01:25,2,0,0,0,0
2015-02-20 21:01:30,4,0,1,0,0
2015-02-20 21:01:35,0,0,0,0,0
2015-02-20 21:01:40,0,0,0,0,0
2015-02-20 21:01:45,2,0,0,0,0
2015-02-20 21:01:50,2,0,0,0,0
2015-02-20 21:01:55,1,0,0,0,0
2015-02-20 21:02:00,4,0,0,0,0
2015-02-20 21:02:05,2,0,0,0,0
2015-02-20 21:02:10,2,0,0,0,0
2015-02-20 21:02:15,0,0,0,0,0
2015-02-20 21:02:20,1,0,0,0,0
2015-02-20 21:02:25,3,0,0,0,0
2015-02-20 21:02:30,0,0,0,0,0
2015-02-20 21:02:35,1,0,0,0,0
2015-02-20 21:02:40,0,0,0,0,0
2015-02-20 21:02:45,0,0,0,0,0
2015-02-20 21:02:50,5,0,1,0,0
2015-02-20 21:02:55,0,0,0,0,0
2015-02-20 21:03:00,0,0,0,0,0
2015-02-20 21:03:05,3,0,1,0,0
2015-02-20 21:03:10,1,0,0,0,0
2015-02-20 21:03:15,1,0,0,0,0
2015-02-20 21:03:20,2,0,0,0,0
2015-02-20 21:03:25,2,0,0,0,0
2015-02-20 21:03:30,2,0,0,0,0
2015-02-20 21:03:35,0,0,0,0,0
2015-02-20 21:03:40,0,0,0,0,0
2015-02-20 21:03:45,0,0,0,0,0
2015-02-20 21:03:50,3,0,0,0,0
2015-02-20 21:03:55,1,0,0,0,0
2015-02-20 21:04:00,1,0,0,0,0
2015-02-20 21:04:05,2,0,0,0,0
2015-02-20 21:04:10,0,0,0,0,0
2015-02-20 21:04:15,3,0,0,0,0
2015-02-20 21:04:20,1,0,0,0,0
2015-02-20 21:04:25,2,0,0,0,0
2015-02-20 21:04:30,0,0,0,0,0
2015-02-20 21:04:35,2,0,0,0,0
2015-02-20 21:04:40,0,0,0,0,0
2015-02-20 21:04:45,1,0,0,0,0
2015-02-20 21:04:50,0,0,0,0,0
2015-02-20 21:04:55,0,0,0,0,0
2015-02-20 21:05:00,3,0,0,0,3
2015-02-20 21:05:05,2,0,0,0,0
2015-02-20 21:05:10,4,0,0,0,0
2015-02-20 21:05:15,4,1,0,0,0
2015-02-20 21:05:20,0,0,0,0,0
2015-02-20 21:05:25,2,0,0,0,0
2015-02-20 21:05:30,4,0,0,0,0
2015-02-20 21:05:35,1,0,0,0,0
2015-02-20 21:05:40,2,0,0,0,0
2015-02-20 21:05:45,1,0,0,0,0
2015-02-20 21:05:50,1,0,0,0,0
2015-02-20 21:05:55,0,0,0,0,0
2015-02-20 21:06:00,1,1,1,0,0
2015-02-20 21:06:05,1,0,0,0,0
2015-02-20 21:06:10,0,0,0,0,0
2015-02-20 21:06:15,1,0,1,0,0
2015-02-20 21:06:20,2,0,0,0,0
2015-02-20 21:06:25,0,0,0,0,0
2015-02-20 21:06:30,0,0,0,0,0
2015-02-20 21:06:35,0,0,0,0,0
2015-02-20 21:06:40,0,0,0,0,0
2015-02-20 21:06:45,0,0,0,0,0
2015-02-20 21:06:50,2,0,0,0,0
2015-02-20 21:06:55,0,0,0,0,0
2015-02-20 21:07:00,3,0,0,0,0
2015-02-20 21:07:05,0,0,0,0,0
2015-02-20 21:07:10,1,0,0,0,0
2015-02-20 21:07:15,1,0,0,0,0
2015-02-20 21:07:20,0,0,0,0,0
2015-02-20 21:07:25,1,0,0,0,0
2015-02-20 21:07:30,0,0,0,0,0
2015-02-20 21:07:35,1,0,0,0,0
2015-02-20 21:07:40,3,0,1,0,0
2015-02-20 21:07:45,1,0,0,0,0
2015-02-20 21:07:50,2,0,0,0,0
2015-02-20 21:07:55,1,0,0,0,0
2015-02-20 21:08:00,4,0,1,0,0
2015-02-20 21:08:05,1,0,0,0,0
2015-02-20 21:08:10,1,0,0,0,0
2015-02-20 21:08:15,0,0,0,0,0
2015-02-20 21:08:20,1,0,0,0,1
2015-02-20 21:08:25,1,0,1,0,0
2015-02-20 21:08:30,4,0,0,0,1
2015-02-20 21:08:35,1,0,0,0,0
2015-02-20 21:08:40,1,0,1,0,0
2015-02-20 21:08:45,0,0,0,0,0
2015-02-20 21:08:50,0,0,0,0,0
2015-02-20 21:08:55,1,0,0,0,0
2015-02-20 21:09:00,1,0,0,0,0
2015-02-20 21:09:05,1,0,0,0,0
2015-02-20 21:09:10,0,0,0,0,0
2015-02-20 21:09:15,1,0,0,0,0
2015-02-20 21:09:20,0,0,0,0,0
2015-02-20 21:09:25,1,0,0,0,0
2015-02-20 21:09:30,1,0,0,0,0
2015-02-20 21:09:35,1,0,0,0,0
2015-02-20 21:09:40,1,0,0,0,0
2015-02-20 21:09:45,2,0,0,0,0
2015-02-20 21:09:50,1,0,0,0,1
2015-02-20 21:09:55,4,0,0,0,0
2015-02-20 21:10:00,1,0,0,0,0
2015-02-20 21:10:05,1,0,0,0,0
2015-02-20 21:10:10,3,0,0,0,0
2015-02-20 21:10:15,1,0,0,0,0
2015-02-20 21:10:20,2,0,0,0,0
2015-02-20 21:10:25,2,0,0,0,0
2015-02-20 21:10:30,1,0,0,0,0
2015-02-20 21:10:35,3,0,0,0,0
2015-02-20 21:10:40,2,0,0,0,0
2015-02-20 21:10:45,1,0,0,0,0
2015-02-20 21:10:50,0,0,0,0,0
2015-02-20 21:10:55,2,0,0,0,0
2015-02-20 21:11:00,1,0,0,0,0
2015-02-20 21:11:05,1,0,1,0,0
2015-02-20 21:11:10,0,0,0,0,0
2015-02-20 21:11:15,7,0,2,0,0
2015-02-20 21:11:20,0,0,0,0,0
2015-02-20 21:11:25,3,0,1,0,0
2015-02-20 21:11:30,2,0,0,0,0
2015-02-20 21:11:35,0,0,0,0,0
2015-02-20 21:11:40,0,0,0,0,0
2015-02-20 21:11:45,2,0,0,0,0
2015-02-20 21:11:50,2,0,1,0,0
2015-02-20 21:11:55,2,0,0,0,0
2015-02-20 21:12:00,0,0,0,0,0
2015-02-20 21:12:05,1,0,0,0,0
2015-02-20 21:12:10,4,0,0,0,0
2015-02-20 21:12:15,0,0,0,0,0
2015-02-20 21:12:20,2,0,0,0,0
2015-02-20 21:12:25,0,0,0,0,0
2015-02-20 21:12:30,1,0,0,0,0
2015-02-20 21:12:35,2,0,0,0,0
2015-02-20 21:12:40,1,0,0,0,0
2015-02-20 21:12:45,0,0,0,0,0
2015-02-20 21:12:50,0,0,0,0,0
2015-02-20 21:12:55,0,0,0,0,0
2015-02-20 21:13:00,0,0,0,0,0
2015-02-20 21:13:05,0,0,0,0,0
2015-02-20 21:13:10,2,0,1,0,0
2015-02-20 21:13:15,1,0,0,0,0
2015-02-20 21:13:20,0,0,0,0,0
2015-02-20 21:13:25,0,0,0,0,0
2015-02-20 21:13:30,2,0,0,0,0
2015-02-20 21:13:35,3,0,0,0,0
2015-02-20 21:13:40,1,0,0,0,0
2015-02-20 21:13:45,1,0,0,0,0
2015-02-20 21:13:50,0,0,0,0,0
2015-02-20 21:13:55,0,0,0,0,0
2015-02-20 21:14:00,2,0,0,0,0
2015-02-20 21:14:05,0,0,0,0,0
2015-02-20 21:14:10,1,0,0,0,0
2015-02-20 21:14:15,0,0,0,0,0
2015-02-20 21:14:20,5,0,1,0,1
2015-02-20 21:14:25,0,0,0,0,0
2015-02-20 21:14:30,0,0,0,0,0
2015-02-20 21:14:35,1,0,0,0,0
2015-02-20 21:14:40,2,0,0,0,0
2015-02-20 21:14:45,1,0,0,0,0
2015-02-20 21:14:50,0,0,0,0,0
2015-02-20 21:14:55,1,0,0,0,0
2015-02-20 21:15:00,0,0,0,0,0
2015-02-20 21:15:05,0,0,0,0,0
2015-02-20 21:15:10,1,0,0,0,0
2015-02-20 21:15:15,6,0,0,0,0
2015-02-20 21:15:20,5,0,0,0,0
2015-02-20 21:15:25,2,0,0,0,0
2015-02-20 21:15:30,2,0,0,0,0
2015-02-20 21:15:35,2,0,0,0,0
2015-02-20 21:15:40,2,0,0,0,0
2015-02-20 21:15:45,1,0,0,0,0
2015-02-20 21:15:50,0,0,0,0,0
2015-02-20 21:15:55,2,0,1,0,0
2015-02-20 21:16:00,0,0,0,0,0
2015-02-20 21:16:05,2,0,0,0,0
2015-02-20 21:16:10,0,0,0,0,0
2015-02-20 21:16:15,1,0,0,0,0
2015-02-20 21:16:20,1,0,0,0,0
2015-02-20 21:16:25,1,0,0,0,0
2015-02-20 21:16:30,0,0,0,0,0
2015-02-20 21:16:35,1,0,1,0,0
2015-02-20 21:16:40,0,0,0,0,0
2015-02-20 21:16:45,2,0,1,0,0
2015-02-20 21:16:50,1,0,0,0,0
2015-02-20 21:16:55,2,0,0,0,0
2015-02-20 21:17:00,1,0,0,0,0
2015-02-20 21:17:05,1,0,0,0,0
2015-02-20 21:17:10,2,0,0,0,0
2015-02-20 21:17:15,1,0,0,0,0
2015-02-20 21:17:20,1,0,0,0,0
2015-02-20 21:17:25,0,0,0,0,0
2015-02-20 21:17:30,3,0,0,0,0
2015-02-20 21:17:35,6,0,1,0,0
2015-02-20 21:17:40,2,0,0,0,0
2015-02-20 21:17:45,2,0,0,0,0
2015-02-20 21:17:50,1,0,0,0,0
2015-02-20 21:17:55,0,0,0,0,0
2015-02-20 21:18:00,0,0,0,0,0
2015-02-20 21:18:05,1,0,0,0,0
2015-02-20 21:18:10,3,0,0,0,0
2015-02-20 21:18:15,1,0,0,0,1
2015-02-20 21:18:20,3,0,1,0,0
2015-02-20 21:18:25,0,0,0,0,0
2015-02-20 21:18:30,3,0,0,0,1
2015-02-20 21:18:35,0,0,0,0,0
2015-02-20 21:18:40,1,0,0,0,0
2015-02-20 21:18:45,0,0,0,0,0
2015-02-20 21:18:50,0,0,0,0,0
2015-02-20 21:18:55,2,0,0,0,0
2015-02-20 21:19:00,1,0,0,0,0
2015-02-20 21:19:05,0,0,0,0,0
2015-02-20 21:19:10,3,0,0,0,0
2015-02-20 21:19:15,2,0,1,0,0
2015-02-20 21:19:20,2,0,0,0,0
2015-02-20 21:19:25,1,0,0,0,0
2015-02-20 21:19:30,4,0,0,0,0
2015-02-20 21:19:35,0,0,0,0,0
2015-02-20 21:19:40,0,0,0,0,0
2015-02-20 21:19:45,2,0,0,0,0
2015-02-20 21:19:50,0,0,0,0,0
2015-02-20 21:19:55,1,0,0,0,0
2015-02-20 21:20:00,1,0,1,0,0
2015-02-20 21:20:05,0,0,0,0,0
2015-02-20 21:20:10,2,0,1,0,0
2015-02-20 21:20:15,5,0,0,0,0
2015-02-20 21:20:20,1,0,0,0,0
2015-02-20 21:20:25,3,0,0,0,0
2015-02-20 21:20:30,3,0,0,0,0
2015-02-20 21:20:35,0,0,0,0,0
2015-02-20 21:20:40,4,0,0,0,0
2015-02-20 21:20:45,4,0,0,0,0
2015-02-20 21:20:50,2,0,0,0,1
2015-02-20 21:20:55,1,0,0,0,0
2015-02-20 21:21:00,1,0,0,0,1
2015-02-20 21:21:05,3,0,0,0,0
2015-02-20 21:21:10,0,0,0,0,0
2015-02-20 21:21:15,2,0,0,0,1
2015-02-20 21:21:20,1,0,0,0,0
2015-02-20 21:21:25,0,0,0,0,0
2015-02-20 21:21:30,0,0,0,0,0
2015-02-20 21:21:35,0,0,0,0,0
2015-02-20 21:21:40,0,0,0,0,0
2015-02-20 21:21:45,1,0,0,0,0
2015-02-20 21:21:50,1,0,0,0,0
2015-02-20 21:21:55,1,0,0,0,0
2015-02-20 21:22:00,1,0,0,0,0
2015-02-20 21:22:05,2,0,0,0,0
2015-02-20 21:22:10,1,0,0,0,0
2015-02-20 21:22:15,0,0,0,0,0
2015-02-20 21:22:20,2,0,0,0,0
2015-02-20 21:22:25,2,0,0,0,0
2015-02-20 21:22:30,3,0,0,0,0
2015-02-20 21:22:35,4,0,0,0,0
2015-02-20 21:22:40,0,0,0,0,0
2015-02-20 21:22:45,2,0,0,0,0
2015-02-20 21:22:50,0,0,0,0,0
2015-02-20 21:22:55,0,0,0,0,0
2015-02-20 21:23:00,2,0,0,0,0
2015-02-20 21:23:05,1,0,0,0,0
2015-02-20 21:23:10,1,0,0,0,0
2015-02-20 21:23:15,3,0,0,0,0
2015-02-20 21:23:20,1,0,0,0,0
2015-02-20 21:23:25,0,0,0,0,0
2015-02-20 21:23:30,1,0,0,0,0
2015-02-20 21:23:35,0,0,0,0,0
2015-02-20 21:23:40,0,0,0,0,0
2015-02-20 21:23:45,1,0,0,0,0
2015-02-20 21:23:50,0,0,0,0,0
2015-02-20 21:23:55,0,0,0,0,0
2015-02-20 21:24:00,2,0,0,0,0
2015-02-20 21:24:05,1,0,0,0,0
2015-02-20 21:24:10,2,0,0,0,1
2015-02-20 21:24:15,0,0,0,0,0
2015-02-20 21:24:20,1,0,0,0,0
2015-02-20 21:24:25,2,0,0,0,0
2015-02-20 21:24:30,1,0,0,0,0
2015-02-20 21:24:35,0,0,0,0,0
2015-02-20 21:24:40,2,0,0,0,0
2015-02-20 21:24:45,0,0,0,0,0
2015-02-20 21:24:50,0,0,0,0,0
2015-02-20 21:24:55,0,0,0,0,0
2015-02-20 21:25:00,0,0,0,0,0
2015-02-20 21:25:05,0,0,0,0,0
2015-02-20 21:25:10,2,0,0,0,0
2015-02-20 21:25:15,3,0,0,0,0
2015-02-20 21:25:20,0,0,0,0,0
2015-02-20 21:25:25,8,2,1,0,0
2015-02-20 21:25:30,3,0,0,0,0
2015-02-20 21:25:35,3,0,0,0,0
2015-02-20 21:25:40,3,0,0,0,0
2015-02-20 21:25:45,1,0,0,0,0
2015-02-20 21:25:50,0,0,0,0,0
2015-02-20 21:25:55,2,0,0,0,0
2015-02-20 21:26:00,1,0,0,0,0
2015-02-20 21:26:05,1,0,0,0,0
2015-02-20 21:26:10,2,0,0,0,0
2015-02-20 21:26:15,2,0,1,0,0
2015-02-20 21:26:20,0,0,0,0,0
2015-02-20 21:26:25,1,0,0,0,0
2015-02-20 21:26:30,2,0,0,0,0
2015-02-20 21:26:35,1,0,1,0,0
2015-02-20 21:26:40,1,0,0,0,0
2015-02-20 21:26:45,3,0,0,0,0
2015-02-20 21:26:50,2,0,0,0,0
2015-02-20 21:26:55,0,0,0,0,0
2015-02-20 21:27:00,2,0,0,0,0
2015-02-20 21:27:05,4,0,1,0,0
2015-02-20 21:27:10,3,0,1,0,0
2015-02-20 21:27:15,3,0,0,0,0
2015-02-20 21:27:20,4,0,0,0,0
2015-02-20 21:27:25,1,1,0,0,0
2015-02-20 21:27:30,2,0,1,0,0
2015-02-20 21:27:35,0,0,0,0,0
2015-02-20 21:27:40,4,0,0,0,0
2015-02-20 21:27:45,2,0,0,0,0
2015-02-20 21:27:50,0,0,0,0,0
2015-02-20 21:27:55,3,0,0,0,0
2015-02-20 21:28:00,2,1,0,0,0
2015-02-20 21:28:05,1,0,0,0,0
2015-02-20 21:28:10,1,0,0,0,0
2015-02-20 21:28:15,0,0,0,0,0
2015-02-20 21:28:20,1,0,0,0,0
2015-02-20 21:28:25,1,0,0,0,0
2015-02-20 21:28:30,1,0,0,0,0
2015-02-20 21:28:35,0,0,0,0,0
2015-02-20 21:28:40,2,0,0,0,0
2015-02-20 21:28:45,0,0,0,0,0
2015-02-20 21:28:50,1,0,0,0,0
2015-02-20 21:28:55,0,0,0,0,0
2015-02-20 21:29:00,0,0,0,0,0
2015-02-20 21:29:05,2,1,0,0,1
2015-02-20 21:29:10,2,0,0,0,0
2015-02-20 21:29:15,0,0,0,0,0
2015-02-20 21:29:20,0,0,0,0,0
2015-02-20 21:29:25,3,0,0,0,0
2015-02-20 21:29:30,2,0,0,0,0
2015-02-20 21:29:35,3,1,0,0,0
2015-02-20 21:29:40,0,0,0,0,0
2015-02-20 21:29:45,1,0,0,0,0
2015-02-20 21:29:50,3,0,0,0,0
2015-02-20 21:29:55,0,0,0,0,0
2015-02-20 21:30:00,1,0,1,0,0
2015-02-20 21:30:05,4,0,0,0,0
2015-02-20 21:30:10,2,0,0,0,0
2015-02-20 21:30:15,3,0,0,0,0
2015-02-20 21:30:20,4,0,0,0,0
2015-02-20 21:30:25,1,0,0,0,0
2015-02-20 21:30:30,2,0,0,0,0
2015-02-20 21:30:35,1,0,0,0,1
2015-02-20 21:30:40,1,0,1,0,0
2015-02-20 21:30:45,0,0,0,0,0
2015-02-20 21:30:50,0,0,0,0,0
2015-02-20 21:30:55,1,0,0,0,0
2015-02-20 21:31:00,1,0,0,0,0
2015-02-20 21:31:05,1,0,0,0,0
2015-02-20 21:31:10,1,0,0,0,0
2015-02-20 21:31:15,0,0,0,0,0
2015-02-20 21:31:20,1,0,0,0,0
2015-02-20 21:31:25,1,0,1,0,0
2015-02-20 21:31:30,3,0,0,0,0
2015-02-20 21:31:35,1,0,0,0,0
2015-02-20 21:31:40,2,0,0,0,0
2015-02-20 21:31:45,1,0,0,0,0
2015-02-20 21:31:50,1,0,1,0,0
2015-02-20 21:31:55,0,0,0,0,0
2015-02-20 21:32:00,1,0,0,0,0
2015-02-20 21:32:05,0,0,0,0,0
2015-02-20 21:32:10,0,0,0,0,0
2015-02-20 21:32:15,2,0,0,0,0
2015-02-20 21:32:20,1,0,0,0,0
2015-02-20 21:32:25,4,0,0,0,0
2015-02-20 21:32:30,2,0,0,0,0
2015-02-20 21:32:35,1,0,0,0,0
2015-02-20 21:32:40,1,0,0,0,0
2015-02-20 21:32:45,1,0,0,0,0
2015-02-20 21:32:50,1,0,0,0,0
2015-02-20 21:32:55,1,0,0,0,0
2015-02-20 21:33:00,1,0,0,0,0
2015-02-20 21:33:05,2,0,0,0,0
2015-02-20 21:33:10,2,0,0,0,0
2015-02-20 21:33:15,1,0,0,0,0
2015-02-20 21:33:20,0,0,0,0,0
2015-02-20 21:33:25,1,0,0,0,0
2015-02-20 21:33:30,1,0,0,0,0
2015-02-20 21:33:35,2,0,0,0,0
2015-02-20 21:33:40,2,0,0,0,0
2015-02-20 21:33:45,0,0,0,0,0
2015-02-20 21:33:50,0,0,0,0,0
2015-02-20 21:33:55,2,0,0,0,1
2015-02-20 21:34:00,2,0,0,0,0
2015-02-20 21:34:05,0,0,0,0,0
2015-02-20 21:34:10,2,0,1,0,0
2015-02-20 21:34:15,1,0,1,0,0
2015-02-20 21:34:20,1,0,0,0,0
2015-02-20 21:34:25,1,0,0,0,0
2015-02-20 21:34:30,0,0,0,0,0
2015-02-20 21:34:35,1,0,0,0,0
2015-02-20 21:34:40,1,0,0,0,0
2015-02-20 21:34:45,1,0,0,0,0
2015-02-20 21:34:50,3,0,0,0,0
2015-02-20 21:34:55,1,0,0,0,0
2015-02-20 21:35:00,2,0,0,0,0
2015-02-20 21:35:05,0,0,0,0,0
2015-02-20 21:35:10,3,0,0,0,0
2015-02-20 21:35:15,3,0,1,0,0
2015-02-20 21:35:20,1,0,0,0,0
2015-02-20 21:35:25,2,0,0,0,0
2015-02-20 21:35:30,0,0,0,0,0
2015-02-20 21:35:35,1,0,0,0,0
2015-02-20 21:35:40,0,0,0,0,0
2015-02-20 21:35:45,1,0,0,0,0
2015-02-20 21:35:50,2,0,0,0,0
2015-02-20 21:35:55,2,0,1,0,0
2015-02-20 21:36:00,1,0,0,0,0
2015-02-20 21:36:05,2,0,0,0,0
2015-02-20 21:36:10,0,0,0,0,0
2015-02-20 21:36:15,3,0,0,0,0
2015-02-20 21:36:20,1,0,0,0,0
2015-02-20 21:36:25,0,0,0,0,0
2015-02-20 21:36:30,1,0,0,0,0
2015-02-20 21:36:35,0,0,0,0,0
2015-02-20 21:36:40,3,0,1,0,0
2015-02-20 21:36:45,0,0,0,0,0
2015-02-20 21:36:50,0,0,0,0,0
2015-02-20 21:36:55,3,0,0,0,0
2015-02-20 21:37:00,3,0,0,0,0
2015-02-20 21:37:05,1,0,0,0,0
2015-02-20 21:37:10,4,0,2,0,0
2015-02-20 21:37:15,2,0,0,0,0
2015-02-20 21:37:20,2,0,0,0,0
2015-02-20 21:37:25,1,0,0,0,0
2015-02-20 21:37:30,3,0,0,0,0
2015-02-20 21:37:35,1,0,0,0,0
2015-02-20 21:37:40,1,0,0,0,0
2015-02-20 21:37:45,0,0,0,0,0
2015-02-20 21:37:50,0,0,0,0,0
2015-02-20 21:37:55,0,0,0,0,0
2015-02-20 21:38:00,0,0,0,0,0
2015-02-20 21:38:05,0,0,0,0,0
2015-02-20 21:38:10,2,0,0,0,0
2015-02-20 21:38:15,1,0,0,0,0
2015-02-20 21:38:20,4,0,0,0,0
2015-02-20 21:38:25,2,0,0,0,0
2015-02-20 21:38:30,1,0,0,0,0
2015-02-20 21:38:35,1,0,0,0,0
2015-02-20 21:38:40,3,0,0,0,0
2015-02-20 21:38:45,2,0,1,0,0
2015-02-20 21:38:50,0,0,0,0,0
2015-02-20 21:38:55,0,0,0,0,0
2015-02-20 21:39:00,1,0,0,0,0
2015-02-20 21:39:05,1,0,0,0,0
2015-02-20 21:39:10,3,0,0,0,0
2015-02-20 21:39:15,0,0,0,0,0
2015-02-20 21:39:20,0,0,0,0,0
2015-02-20 21:39:25,1,0,0,0,0
2015-02-20 21:39:30,1,0,0,0,0
2015-02-20 21:39:35,0,0,0,0,0
2015-02-20 21:39:40,1,0,0,0,0
2015-02-20 21:39:45,2,0,0,0,0
2015-02-20 21:39:50,1,0,0,0,0
2015-02-20 21:39:55,2,0,0,0,0
2015-02-20 21:40:00,1,0,0,0,0
2015-02-20 21:40:05,1,0,0,0,0
2015-02-20 21:40:10,1,0,0,0,0
2015-02-20 21:40:15,1,0,0,0,0
2015-02-20 21:40:20,3,0,1,0,0
2015-02-20 21:40:25,4,0,1,0,0
2015-02-20 21:40:30,0,0,0,0,0
2015-02-20 21:40:35,1,0,0,0,0
2015-02-20 21:40:40,2,0,0,0,0
2015-02-20 21:40:45,1,0,0,0,0
2015-02-20 21:40:50,0,0,0,0,0
2015-02-20 21:40:55,0,0,0,0,0
2015-02-20 21:41:00,2,0,0,0,0
2015-02-20 21:41:05,0,0,0,0,0
2015-02-20 21:41:10,1,0,0,0,0
2015-02-20 21:41:15,1,0,0,0,0
2015-02-20 21:41:20,1,0,0,0,0
2015-02-20 21:41:25,1,0,1,0,1
2015-02-20 21:41:30,1,0,0,0,0
2015-02-20 21:41:35,0,0,0,0,0
2015-02-20 21:41:40,2,0,0,0,0
2015-02-20 21:41:45,1,0,0,0,0
2015-02-20 21:41:50,1,0,0,0,0
2015-02-20 21:41:55,5,0,0,0,0
2015-02-20 21:42:00,2,0,0,0,0
2015-02-20 21:42:05,0,0,0,0,0
2015-02-20 21:42:10,5,0,1,0,0
2015-02-20 21:42:15,3,0,0,0,0
2015-02-20 21:42:20,1,0,0,0,0
2015-02-20 21:42:25,5,0,2,0,0
2015-02-20 21:42:30,3,0,0,0,1
2015-02-20 21:42:35,2,0,0,0,0
2015-02-20 21:42:40,0,0,0,0,0
2015-02-20 21:42:45,1,0,1,0,1
2015-02-20 21:42:50,0,0,0,0,0
2015-02-20 21:42:55,2,0,0,0,0
2015-02-20 21:43:00,1,0,0,0,0
2015-02-20 21:43:05,2,0,0,0,0
2015-02-20 21:43:10,0,0,0,0,0
2015-02-20 21:43:15,0,0,0,0,0
2015-02-20 21:43:20,0,0,0,0,0
2015-02-20 21:43:25,3,0,0,0,0
2015-02-20 21:43:30,0,0,0,0,0
2015-02-20 21:43:35,1,0,0,0,0
2015-02-20 21:43:40,0,0,0,0,0
2015-02-20 21:43:45,0,0,0,0,0
2015-02-20 21:43:50,2,0,0,0,0
2015-02-20 21:43:55,1,0,0,0,0
2015-02-20 21:44:00,0,0,0,0,0
2015-02-20 21:44:05,1,0,0,0,0
2015-02-20 21:44:10,3,0,0,0,0
2015-02-20 21:44:15,0,0,0,0,0
2015-02-20 21:44:20,1,0,0,0,0
2015-02-20 21:44:25,2,0,2,0,0
2015-02-20 21:44:30,4,0,0,0,0
2015-02-20 21:44:35,4,0,0,0,0
2015-02-20 21:44:40,0,0,0,0,0
2015-02-20 21:44:45,1,0,0,0,0
2015-02-20 21:44:50,1,0,0,0,0
2015-02-20 21:44:55,2,0,0,0,0
2015-02-20 21:45:00,3,0,0,0,0
2015-02-20 21:45:05,3,0,1,0,0
2015-02-20 21:45:10,1,0,0,0,0
2015-02-20 21:45:15,6,0,1,0,1
2015-02-20 21:45:20,1,0,0,0,0
2015-02-20 21:45:25,0,0,0,0,0
2015-02-20 21:45:30,6,0,0,0,0
2015-02-20 21:45:35,4,0,0,0,0
2015-02-20 21:45:40,1,0,0,0,0
2015-02-20 21:45:45,3,0,0,0,0
2015-02-20 21:45:50,0,0,0,0,0
2015-02-20 21:45:55,1,0,0,0,0
2015-02-20 21:46:00,1,0,0,0,0
2015-02-20 21:46:05,4,0,0,0,0
2015-02-20 21:46:10,0,0,0,0,0
2015-02-20 21:46:15,1,0,0,0,0
2015-02-20 21:46:20,1,0,0,0,0
2015-02-20 21:46:25,1,0,0,0,0
2015-02-20 21:46:30,1,0,0,0,0
2015-02-20 21:46:35,1,0,0,0,0
2015-02-20 21:46:40,0,0,0,0,0
2015-02-20 21:46:45,0,0,0,0,0
2015-02-20 21:46:50,3,0,1,0,0
2015-02-20 21:46:55,2,0,0,0,0
2015-02-20 21:47:00,1,0,0,0,0
2015-02-20 21:47:05,2,0,0,0,0
2015-02-20 21:47:10,2,0,0,0,0
2015-02-20 21:47:15,1,0,0,0,0
2015-02-20 21:47:20,1,0,0,0,0
2015-02-20 21:47:25,2,0,0,0,0
2015-02-20 21:47:30,1,0,0,0,0
2015-02-20 21:47:35,3,0,0,0,0
2015-02-20 21:47:40,2,0,0,0,0
2015-02-20 21:47:45,1,0,0,0,0
2015-02-20 21:47:50,1,0,0,0,0
2015-02-20 21:47:55,1,0,0,0,0
2015-02-20 21:48:00,0,0,0,0,0
2015-02-20 21:48:05,5,0,0,0,0
2015-02-20 21:48:10,1,0,0,0,0
2015-02-20 21:48:15,1,0,0,0,0
2015-02-20 21:48:20,0,0,0,0,0
2015-02-20 21:48:25,1,0,0,0,0
2015-02-20 21:48:30,2,0,0,0,0
2015-02-20 21:48:35,1,0,0,0,0
2015-02-20 21:48:40,3,0,1,0,0
2015-02-20 21:48:45,1,0,0,0,0
2015-02-20 21:48:50,2,0,0,0,0
2015-02-20 21:48:55,1,0,0,0,0
2015-02-20 21:49:00,1,0,0,0,0
2015-02-20 21:49:05,2,0,0,0,0
2015-02-20 21:49:10,1,0,0,0,0
2015-02-20 21:49:15,0,0,0,0,0
2015-02-20 21:49:20,2,0,0,0,0
2015-02-20 21:49:25,4,0,0,0,0
2015-02-20 21:49:30,0,0,0,0,0
2015-02-20 21:49:35,3,0,0,0,0
2015-02-20 21:49:40,1,0,0,0,0
2015-02-20 21:49:45,3,0,0,0,0
2015-02-20 21:49:50,0,0,0,0,0
2015-02-20 21:49:55,0,0,0,0,0
2015-02-20 21:50:00,0,0,0,0,0
2015-02-20 21:50:05,3,0,1,0,1
2015-02-20 21:50:10,1,0,0,0,0
2015-02-20 21:50:15,1,0,0,0,0
2015-02-20 21:50:20,2,0,0,0,0
2015-02-20 21:50:25,2,0,0,0,0
2015-02-20 21:50:30,0,0,0,0,0
2015-02-20 21:50:35,0,0,0,0,0
2015-02-20 21:50:40,3,0,0,0,0
2015-02-20 21:50:45,0,0,0,0,0
2015-02-20 21:50:50,0,0,0,0,0
2015-02-20 21:50:55,3,0,0,0,0
2015-02-20 21:51:00,2,0,0,0,0
2015-02-20 21:51:05,2,0,0,0,0
2015-02-20 21:51:10,2,0,0,0,0
2015-02-20 21:51:15,1,0,0,0,0
2015-02-20 21:51:20,0,0,0,0,0
2015-02-20 21:51:25,1,0,0,0,0
2015-02-20 21:51:30,1,0,0,0,0
2015-02-20 21:51:35,2,0,0,0,0
2015-02-20 21:51:40,1,0,0,0,0
2015-02-20 21:51:45,4,0,1,0,0
2015-02-20 21:51:50,1,0,0,0,0
2015-02-20 21:51:55,1,0,0,0,0
2015-02-20 21:52:00,0,0,0,0,0
2015-02-20 21:52:05,1,0,0,0,0
2015-02-20 21:52:10,2,0,0,0,0
2015-02-20 21:52:15,1,0,0,0,0
2015-02-20 21:52:20,0,0,0,0,0
2015-02-20 21:52:25,1,0,0,0,0
2015-02-20 21:52:30,0,0,0,0,0
2015-02-20 21:52:35,3,0,0,0,0
2015-02-20 21:52:40,3,0,0,0,0
2015-02-20 21:52:45,0,0,0,0,0
2015-02-20 21:52:50,1,0,0,0,0
2015-02-20 21:52:55,3,0,0,0,0
2015-02-20 21:53:00,0,0,0,0,0
2015-02-20 21:53:05,2,0,0,0,1
2015-02-20 21:53:10,3,0,0,0,0
2015-02-20 21:53:15,1,0,0,0,0
2015-02-20 21:53:20,1,0,0,0,0
2015-02-20 21:53:25,3,0,0,0,0
2015-02-20 21:53:30,2,0,0,0,0
2015-02-20 21:53:35,2,0,0,0,0
2015-02-20 21:53:40,1,0,0,0,0
2015-02-20 21:53:45,1,0,0,0,0
2015-02-20 21:53:50,2,0,0,0,0
2015-02-20 21:53:55,1,1,0,0,0
2015-02-20 21:54:00,2,0,0,0,1
2015-02-20 21:54:05,0,0,0,0,0
2015-02-20 21:54:10,1,0,0,0,0
2015-02-20 21:54:15,2,0,0,0,0
2015-02-20 21:54:20,2,0,0,0,0
2015-02-20 21:54:25,1,0,0,0,0
2015-02-20 21:54:30,2,0,0,0,0
2015-02-20 21:54:35,1,0,0,0,0
2015-02-20 21:54:40,4,0,0,0,0
2015-02-20 21:54:45,0,0,0,0,0
2015-02-20 21:54:50,0,0,0,0,0
2015-02-20 21:54:55,0,0,0,0,0
2015-02-20 21:55:00,1,0,0,0,0
2015-02-20 21:55:05,2,0,0,0,1
2015-02-20 21:55:10,4,0,0,0,0
2015-02-20 21:55:15,2,0,0,0,0
2015-02-20 21:55:20,3,0,0,0,1
2015-02-20 21:55:25,4,0,0,0,0
2015-02-20 21:55:30,1,0,0,0,0
2015-02-20 21:55:35,0,0,0,0,0
2015-02-20 21:55:40,2,0,0,0,0
2015-02-20 21:55:45,7,0,1,0,0
2015-02-20 21:55:50,4,0,0,0,0
2015-02-20 21:55:55,0,0,0,0,0
2015-02-20 21:56:00,2,0,0,0,0
2015-02-20 21:56:05,2,0,1,0,0
2015-02-20 21:56:10,2,0,0,0,0
2015-02-20 21:56:15,5,0,0,0,0
2015-02-20 21:56:20,1,0,1,0,0
2015-02-20 21:56:25,0,0,0,0,0
2015-02-20 21:56:30,1,0,1,0,0
2015-02-20 21:56:35,1,0,0,0,0
2015-02-20 21:56:40,3,0,0,0,0
2015-02-20 21:56:45,2,0,0,0,0
2015-02-20 21:56:50,1,0,0,0,0
2015-02-20 21:56:55,0,0,0,0,0
2015-02-20 21:57:00,3,0,0,0,0
2015-02-20 21:57:05,2,0,0,0,0
2015-02-20 21:57:10,1,0,0,0,0
2015-02-20 21:57:15,1,0,0,0,0
2015-02-20 21:57:20,3,0,0,0,0
2015-02-20 21:57:25,2,0,0,0,0
2015-02-20 21:57:30,1,0,0,0,0
2015-02-20 21:57:35,3,0,0,0,0
2015-02-20 21:57:40,10,0,0,0,0
2015-02-20 21:57:45,2,0,0,0,0
2015-02-20 21:57:50,10,0,0,0,0
2015-02-20 21:57:55,1,0,0,0,0
2015-02-20 21:58:00,0,0,0,0,0
2015-02-20 21:58:05,1,0,0,0,0
2015-02-20 21:58:10,1,0,0,0,0
2015-02-20 21:58:15,0,0,0,0,0
2015-02-20 21:58:20,1,0,0,0,0
2015-02-20 21:58:25,1,0,0,0,0
2015-02-20 21:58:30,0,0,0,0,0
2015-02-20 21:58:35,1,0,0,0,0
2015-02-20 21:58:40,1,0,0,0,0
2015-02-20 21:58:45,1,0,0,0,0
2015-02-20 21:58:50,4,0,0,0,0
2015-02-20 21:58:55,2,0,0,0,0
2015-02-20 21:59:00,1,0,0,0,0
2015-02-20 21:59:05,2,0,0,0,0
2015-02-20 21:59:10,2,0,0,0,0
2015-02-20 21:59:15,0,0,0,0,0
2015-02-20 21:59:20,1,0,0,0,0
2015-02-20 21:59:25,1,0,0,0,0
2015-02-20 21:59:30,2,0,0,0,0
2015-02-20 21:59:35,2,0,0,0,0
2015-02-20 21:59:40,1,0,0,0,0
2015-02-20 21:59:45,0,0,0,0,0
2015-02-20 21:59:50,0,0,0,0,0
2015-02-20 21:59:55,0,0,0,0,0
2015-02-20 22:00:00,3,0,0,0,0
2015-02-20 22:00:05,4,0,0,0,1
2015-02-20 22:00:10,5,0,0,0,0
2015-02-20 22:00:15,3,0,0,0,1
2015-02-20 22:00:20,4,0,0,0,0
2015-02-20 22:00:25,5,0,0,0,0
2015-02-20 22:00:30,9,0,0,0,0
2015-02-20 22:00:35,7,0,0,0,0
2015-02-20 22:00:40,10,0,0,0,0
2015-02-20 22:00:45,1,0,0,0,1
2015-02-20 22:00:50,1,0,0,0,0
2015-02-20 22:00:55,1,0,1,0,0
2015-02-20 22:01:00,2,0,0,0,0
2015-02-20 22:01:05,1,0,0,0,0
2015-02-20 22:01:10,4,0,0,0,0
2015-02-20 22:01:15,0,0,0,0,0
2015-02-20 22:01:20,1,0,0,0,0
2015-02-20 22:01:25,1,0,0,0,0
2015-02-20 22:01:30,1,0,0,0,0
2015-02-20 22:01:35,4,0,0,0,0
2015-02-20 22:01:40,1,0,0,0,0
2015-02-20 22:01:45,0,0,0,0,0
2015-02-20 22:01:50,2,0,0,0,0
2015-02-20 22:01:55,3,0,0,0,1
2015-02-20 22:02:00,2,0,0,0,0
2015-02-20 22:02:05,3,0,0,0,0
2015-02-20 22:02:10,1,0,0,0,0
2015-02-20 22:02:15,0,0,0,0,0
2015-02-20 22:02:20,1,0,0,0,0
2015-02-20 22:02:25,1,0,0,0,0
2015-02-20 22:02:30,2,0,0,0,1
2015-02-20 22:02:35,1,0,0,0,0
2015-02-20 22:02:40,1,0,0,0,0
2015-02-20 22:02:45,0,0,0,0,0
2015-02-20 22:02:50,0,0,0,0,0
2015-02-20 22:02:55,1,0,0,0,0
2015-02-20 22:03:00,1,0,0,0,0
2015-02-20 22:03:05,3,0,0,0,0
2015-02-20 22:03:10,1,0,0,0,0
2015-02-20 22:03:15,1,0,1,0,0
2015-02-20 22:03:20,1,0,0,0,0
2015-02-20 22:03:25,0,0,0,0,0
2015-02-20 22:03:30,2,1,1,0,0
2015-02-20 22:03:35,2,0,0,0,0
2015-02-20 22:03:40,1,0,0,0,0
2015-02-20 22:03:45,1,0,0,0,0
2015-02-20 22:03:50,0,0,0,0,0
2015-02-20 22:03:55,2,0,0,0,0
2015-02-20 22:04:00,2,0,0,0,0
2015-02-20 22:04:05,1,0,0,0,0
2015-02-20 22:04:10,1,0,0,0,0
2015-02-20 22:04:15,2,0,0,0,0
2015-02-20 22:04:20,0,0,0,0,0
2015-02-20 22:04:25,0,0,0,0,0
2015-02-20 22:04:30,4,0,0,0,0
2015-02-20 22:04:35,0,0,0,0,0
2015-02-20 22:04:40,0,0,0,0,0
2015-02-20 22:04:45,1,0,0,0,0
2015-02-20 22:04:50,2,0,0,0,0
2015-02-20 22:04:55,1,0,0,0,0
2015-02-20 22:05:00,1,0,0,0,0
2015-02-20 22:05:05,1,0,0,0,0
2015-02-20 22:05:10,2,0,0,0,0
2015-02-20 22:05:15,1,0,0,0,0
2015-02-20 22:05:20,4,1,0,0,0
2015-02-20 22:05:25,4,0,0,0,0
2015-02-20 22:05:30,1,0,0,0,0
2015-02-20 22:05:35,5,1,2,0,0
2015-02-20 22:05:40,3,0,1,0,0
2015-02-20 22:05:45,3,0,0,0,0
2015-02-20 22:05:50,2,0,0,0,0
2015-02-20 22:05:55,3,0,0,0,0
2015-02-20 22:06:00,1,0,0,0,0
2015-02-20 22:06:05,4,0,0,0,0
2015-02-20 22:06:10,2,0,0,0,0
2015-02-20 22:06:15,1,0,0,0,0
2015-02-20 22:06:20,1,0,0,0,0
2015-02-20 22:06:25,3,0,0,0,0
2015-02-20 22:06:30,2,0,0,0,0
2015-02-20 22:06:35,1,0,0,0,0
2015-02-20 22:06:40,1,0,0,0,0
2015-02-20 22:06:45,0,0,0,0,0
2015-02-20 22:06:50,2,0,0,0,0
2015-02-20 22:06:55,0,0,0,0,0
2015-02-20 22:07:00,1,0,0,0,0
2015-02-20 22:07:05,2,0,0,0,1
2015-02-20 22:07:10,0,0,0,0,0
2015-02-20 22:07:15,0,0,0,0,0
2015-02-20 22:07:20,0,0,0,0,0
2015-02-20 22:07:25,2,0,0,0,0
2015-02-20 22:07:30,1,0,0,0,0
2015-02-20 22:07:35,0,0,0,0,0
2015-02-20 22:07:40,2,0,0,0,0
2015-02-20 22:07:45,1,0,0,0,0
2015-02-20 22:07:50,2,0,0,0,0
2015-02-20 22:07:55,1,0,0,0,0
2015-02-20 22:08:00,1,0,0,0,0
2015-02-20 22:08:05,3,0,0,0,0
2015-02-20 22:08:10,0,0,0,0,0
2015-02-20 22:08:15,2,0,0,0,0
2015-02-20 22:08:20,0,0,0,0,0
2015-02-20 22:08:25,0,0,0,0,0
2015-02-20 22:08:30,1,0,0,0,0
2015-02-20 22:08:35,2,0,0,0,0
2015-02-20 22:08:40,0,0,0,0,0
2015-02-20 22:08:45,0,0,0,0,0
2015-02-20 22:08:50,0,0,0,0,0
2015-02-20 22:08:55,1,0,0,0,0
2015-02-20 22:09:00,1,0,0,0,0
2015-02-20 22:09:05,0,0,0,0,0
2015-02-20 22:09:10,1,0,0,0,0
2015-02-20 22:09:15,1,0,0,0,0
2015-02-20 22:09:20,3,0,0,0,0
2015-02-20 22:09:25,1,0,0,0,0
2015-02-20 22:09:30,2,0,0,0,0
2015-02-20 22:09:35,3,0,0,0,0
2015-02-20 22:09:40,0,0,0,0,0
2015-02-20 22:09:45,0,0,0,0,0
2015-02-20 22:09:50,0,0,0,0,0
2015-02-20 22:09:55,1,0,0,0,0
2015-02-20 22:10:00,4,0,0,0,0
2015-02-20 22:10:05,1,0,1,0,0
2015-02-20 22:10:10,1,0,0,0,0
2015-02-20 22:10:15,4,0,0,0,0
2015-02-20 22:10:20,4,0,0,0,0
2015-02-20 22:10:25,4,0,0,0,0
2015-02-20 22:10:30,15,0,0,0,0
2015-02-20 22:10:35,1,0,0,0,0
2015-02-20 22:10:40,0,0,0,0,0
2015-02-20 22:10:45,2,0,0,0,0
2015-02-20 22:10:50,1,0,0,0,0
2015-02-20 22:10:55,1,0,0,0,0
2015-02-20 22:11:00,3,0,0,0,1
2015-02-20 22:11:05,2,0,0,0,0
2015-02-20 22:11:10,4,0,0,0,0
2015-02-20 22:11:15,1,0,0,0,0
2015-02-20 22:11:20,1,0,0,0,0
2015-02-20 22:11:25,2,0,0,0,1
2015-02-20 22:11:30,1,0,0,0,0
2015-02-20 22:11:35,0,0,0,0,0
2015-02-20 22:11:40,0,0,0,0,0
2015-02-20 22:11:45,2,0,0,0,0
2015-02-20 22:11:50,0,0,0,0,0
2015-02-20 22:11:55,0,0,0,0,0
2015-02-20 22:12:00,0,0,0,0,0
2015-02-20 22:12:05,2,0,0,0,0
2015-02-20 22:12:10,2,0,0,0,0
2015-02-20 22:12:15,3,0,0,0,0
2015-02-20 22:12:20,1,0,0,0,0
2015-02-20 22:12:25,1,0,0,0,0
2015-02-20 22:12:30,2,0,0,0,0
2015-02-20 22:12:35,1,0,1,0,0
2015-02-20 22:12:40,1,0,0,0,0
2015-02-20 22:12:45,1,0,0,0,0
2015-02-20 22:12:50,1,0,0,0,0
2015-02-20 22:12:55,2,0,1,0,0
2015-02-20 22:13:00,1,0,0,0,0
2015-02-20 22:13:05,1,0,0,0,0
2015-02-20 22:13:10,1,0,0,0,0
2015-02-20 22:13:15,0,0,0,0,0
2015-02-20 22:13:20,3,0,0,0,0
2015-02-20 22:13:25,3,0,0,0,0
2015-02-20 22:13:30,2,0,1,0,0
2015-02-20 22:13:35,0,0,0,0,0
2015-02-20 22:13:40,0,0,0,0,0
2015-02-20 22:13:45,3,0,1,0,0
2015-02-20 22:13:50,1,0,0,0,0
2015-02-20 22:13:55,3,0,0,0,0
2015-02-20 22:14:00,3,0,0,0,0
2015-02-20 22:14:05,1,0,0,0,0
2015-02-20 22:14:10,0,0,0,0,0
2015-02-20 22:14:15,0,0,0,0,0
2015-02-20 22:14:20,0,0,0,0,0
2015-02-20 22:14:25,1,0,0,0,0
2015-02-20 22:14:30,2,0,0,0,0
2015-02-20 22:14:35,1,0,0,0,0
2015-02-20 22:14:40,1,0,0,0,0
2015-02-20 22:14:45,1,0,0,0,0
2015-02-20 22:14:50,0,0,0,0,0
2015-02-20 22:14:55,1,0,0,0,0
2015-02-20 22:15:00,0,0,0,0,0
2015-02-20 22:15:05,0,0,0,0,0
2015-02-20 22:15:10,0,0,0,0,0
2015-02-20 22:15:15,6,0,0,0,0
2015-02-20 22:15:20,2,0,0,0,0
2015-02-20 22:15:25,1,0,0,0,0
2015-02-20 22:15:30,3,0,1,0,0
2015-02-20 22:15:35,2,0,0,0,0
2015-02-20 22:15:40,0,0,0,0,0
2015-02-20 22:15:45,1,0,0,0,0
2015-02-20 22:15:50,1,0,0,0,0
2015-02-20 22:15:55,2,0,0,0,0
2015-02-20 22:16:00,0,0,0,0,0
2015-02-20 22:16:05,1,0,0,0,0
2015-02-20 22:16:10,2,0,0,0,0
2015-02-20 22:16:15,0,0,0,0,0
2015-02-20 22:16:20,1,0,0,0,0
2015-02-20 22:16:25,1,0,0,0,0
2015-02-20 22:16:30,1,0,1,0,0
2015-02-20 22:16:35,2,0,0,0,0
2015-02-20 22:16:40,1,0,0,0,0
2015-02-20 22:16:45,0,0,0,0,0
2015-02-20 22:16:50,1,0,0,0,0
2015-02-20 22:16:55,1,0,0,0,0
2015-02-20 22:17:00,3,0,0,0,0
2015-02-20 22:17:05,0,0,0,0,0
2015-02-20 22:17:10,2,0,0,0,0
2015-02-20 22:17:15,3,0,1,0,0
2015-02-20 22:17:20,5,0,0,0,0
2015-02-20 22:17:25,0,0,0,0,0
2015-02-20 22:17:30,0,0,0,0,0
2015-02-20 22:17:35,1,0,0,0,0
2015-02-20 22:17:40,1,0,0,0,0
2015-02-20 22:17:45,0,0,0,0,0
2015-02-20 22:17:50,0,0,0,0,0
2015-02-20 22:17:55,1,0,0,0,0
2015-02-20 22:18:00,4,0,0,0,0
2015-02-20 22:18:05,2,0,1,0,0
2015-02-20 22:18:10,1,0,0,0,0
2015-02-20 22:18:15,0,0,0,0,0
2015-02-20 22:18:20,2,0,0,0,0
2015-02-20 22:18:25,0,0,0,0,0
2015-02-20 22:18:30,1,0,0,0,0
2015-02-20 22:18:35,2,0,0,0,0
2015-02-20 22:18:40,0,0,0,0,0
2015-02-20 22:18:45,4,0,0,0,0
2015-02-20 22:18:50,3,0,0,0,0
2015-02-20 22:18:55,0,0,0,0,0
2015-02-20 22:19:00,2,0,0,0,0
2015-02-20 22:19:05,0,0,0,0,0
2015-02-20 22:19:10,1,0,0,0,0
2015-02-20 22:19:15,0,0,0,0,0
2015-02-20 22:19:20,4,0,0,0,0
2015-02-20 22:19:25,1,0,0,0,0
2015-02-20 22:19:30,0,0,0,0,0
2015-02-20 22:19:35,1,0,0,0,0
2015-02-20 22:19:40,1,0,0,0,0
2015-02-20 22:19:45,1,0,0,0,0
2015-02-20 22:19:50,1,0,0,0,0
2015-02-20 22:19:55,1,0,0,0,0
2015-02-20 22:20:00,1,0,0,0,0
2015-02-20 22:20:05,4,0,0,0,0
2015-02-20 22:20:10,1,0,0,0,0
2015-02-20 22:20:15,2,0,0,0,0
2015-02-20 22:20:20,0,0,0,0,0
2015-02-20 22:20:25,2,0,0,0,0
2015-02-20 22:20:30,1,0,0,0,0
2015-02-20 22:20:35,0,0,0,0,0
2015-02-20 22:20:40,2,0,0,0,0
2015-02-20 22:20:45,1,0,0,0,0
2015-02-20 22:20:50,3,0,0,0,0
2015-02-20 22:20:55,2,0,0,0,0
2015-02-20 22:21:00,2,0,0,0,0
2015-02-20 22:21:05,3,0,0,0,0
2015-02-20 22:21:10,2,0,0,0,0
2015-02-20 22:21:15,2,0,0,0,0
2015-02-20 22:21:20,2,0,0,0,0
2015-02-20 22:21:25,1,0,0,0,0
2015-02-20 22:21:30,0,0,0,0,0
2015-02-20 22:21:35,0,0,0,0,0
2015-02-20 22:21:40,3,0,0,0,0
2015-02-20 22:21:45,1,0,0,0,0
2015-02-20 22:21:50,0,0,0,0,0
2015-02-20 22:21:55,0,0,0,0,0
2015-02-20 22:22:00,4,0,0,0,0
2015-02-20 22:22:05,1,0,0,0,0
2015-02-20 22:22:10,0,0,0,0,0
2015-02-20 22:22:15,1,0,0,0,0
2015-02-20 22:22:20,2,0,0,0,0
2015-02-20 22:22:25,1,0,1,0,0
2015-02-20 22:22:30,2,0,1,0,0
2015-02-20 22:22:35,0,0,0,0,0
2015-02-20 22:22:40,0,0,0,0,0
2015-02-20 22:22:45,4,0,1,0,0
2015-02-20 22:22:50,1,0,0,0,0
2015-02-20 22:22:55,0,0,0,0,0
2015-02-20 22:23:00,0,0,0,0,0
2015-02-20 22:23:05,0,0,0,0,0
2015-02-20 22:23:10,0,0,0,0,0
2015-02-20 22:23:15,0,0,0,0,0
2015-02-20 22:23:20,0,0,0,0,0
2015-02-20 22:23:25,0,0,0,0,0
2015-02-20 22:23:30,0,0,0,0,0
2015-02-20 22:23:35,0,0,0,0,0
2015-02-20 22:23:40,0,0,0,0,0
2015-02-20 22:23:45,0,0,0,0,0
2015-02-20 22:23:50,0,0,0,0,0
2015-02-20 22:23:55,0,0,0,0,0
2015-02-20 22:24:00,0,0,0,0,0
2015-02-20 22:24:05,2,0,0,0,0
2015-02-20 22:24:10,1,0,0,0,0
2015-02-20 22:24:15,0,0,0,0,0
2015-02-20 22:24:20,0,0,0,0,0
2015-02-20 22:24:25,0,0,0,0,0
2015-02-20 22:24:30,2,0,0,0,0
2015-02-20 22:24:35,0,0,0,0,0
2015-02-20 22:24:40,0,0,0,0,0
2015-02-20 22:24:45,3,0,0,0,0
2015-02-20 22:24:50,1,0,0,0,0
2015-02-20 22:24:55,1,0,0,0,0
2015-02-20 22:25:00,1,0,0,0,0
2015-02-20 22:25:05,0,0,0,0,0
2015-02-20 22:25:10,1,0,0,0,0
2015-02-20 22:25:15,0,0,0,0,0
2015-02-20 22:25:20,0,0,0,0,0
2015-02-20 22:25:25,0,0,0,0,0
2015-02-20 22:25:30,0,0,0,0,0
2015-02-20 22:25:35,0,0,0,0,0
2015-02-20 22:25:40,0,0,0,0,0
2015-02-20 22:25:45,0,0,0,0,0
2015-02-20 22:25:50,0,0,0,0,0
2015-02-20 22:25:55,0,0,0,0,0
2015-02-20 22:26:00,0,0,0,0,0
2015-02-20 22:26:05,0,0,0,0,0
2015-02-20 22:26:10,0,0,0,0,0
2015-02-20 22:26:15,0,0,0,0,0
2015-02-20 22:26:20,0,0,0,0,0
2015-02-20 22:26:25,0,0,0,0,0
2015-02-20 22:26:30,0,0,0,0,0
2015-02-20 22:26:35,0,0,0,0,0
2015-02-20 22:26:40,0,0,0,0,0
2015-02-20 22:26:45,0,0,0,0,0
2015-02-20 22:26:50,0,0,0,0,0
2015-02-20 22:26:55,0,0,0,0,0
2015-02-20 22:27:00,0,0,0,0,0
2015-02-20 22:27:05,0,0,0,0,0
2015-02-20 22:27:10,0,0,0,0,0
2015-02-20 22:27:15,0,0,0,0,0
2015-02-20 22:27:20,0,0,0,0,0
2015-02-20 22:27:25,0,0,0,0,0
2015-02-20 22:27:30,0,0,0,0,0
2015-02-20 22:27:35,0,0,0,0,0
2015-02-20 22:27:40,2,0,0,0,0
2015-02-20 22:27:45,1,0,0,0,0
2015-02-20 22:27:50,0,0,0,0,0
2015-02-20 22:27:55,1,0,0,0,0
2015-02-20 22:28:00,3,0,0,0,0
2015-02-20 22:28:05,1,0,0,0,0
2015-02-20 22:28:10,0,0,0,0,0
2015-02-20 22:28:15,0,0,0,0,0
2015-02-20 22:28:20,0,0,0,0,0
2015-02-20 22:28:25,0,0,2,0,0
2015-02-20 22:28:30,3,0,0,1,0
2015-02-20 22:28:35,2,0,0,0,0
2015-02-20 22:28:40,0,0,2,0,0
2015-02-20 22:28:45,0,0,3,0,0
2015-02-20 22:28:50,2,0,1,0,0
2015-02-20 22:28:55,1,0,0,0,0
2015-02-20 22:29:00,1,0,0,0,0
2015-02-20 22:29:05,2,0,3,0,0
2015-02-20 22:29:10,0,0,1,0,0
2015-02-20 22:29:15,3,0,1,0,0
2015-02-20 22:29:20,4,0,0,0,0
2015-02-20 22:29:25,1,0,2,0,0
2015-02-20 22:29:30,0,0,0,0,0
2015-02-20 22:29:35,0,0,2,0,0
2015-02-20 22:29:40,1,0,0,0,0
2015-02-20 22:29:45,0,0,3,0,0
2015-02-20 22:29:50,2,0,0,0,0
2015-02-20 22:29:55,1,0,1,1,0
2015-02-20 22:30:00,0,0,0,0,0
2015-02-20 22:30:05,3,0,2,0,0
2015-02-20 22:30:10,2,0,1,0,0
2015-02-20 22:30:15,2,0,3,0,0
2015-02-20 22:30:20,2,0,3,0,0
2015-02-20 22:30:25,4,0,0,0,1
2015-02-20 22:30:30,1,0,4,0,0
2015-02-20 22:30:35,3,0,1,0,0
2015-02-20 22:30:40,1,0,3,1,0
2015-02-20 22:30:45,1,0,2,0,0
2015-02-20 22:30:50,1,0,3,0,0
2015-02-20 22:30:55,2,0,2,0,0
2015-02-20 22:31:00,3,0,3,0,0
2015-02-20 22:31:05,3,0,1,0,1
2015-02-20 22:31:10,2,0,0,0,0
2015-02-20 22:31:15,1,0,2,0,0
2015-02-20 22:31:20,2,0,2,0,0
2015-02-20 22:31:25,0,0,0,0,0
2015-02-20 22:31:30,1,0,1,0,0
2015-02-20 22:31:35,2,0,2,0,0
2015-02-20 22:31:40,1,0,5,0,0
2015-02-20 22:31:45,0,0,1,0,0
2015-02-20 22:31:50,0,0,0,0,0
2015-02-20 22:31:55,2,0,1,0,0
2015-02-20 22:32:00,1,0,2,1,0
2015-02-20 22:32:05,0,0,2,0,0
2015-02-20 22:32:10,1,0,2,0,0
2015-02-20 22:32:15,2,0,4,0,0
2015-02-20 22:32:20,4,0,1,0,0
2015-02-20 22:32:25,0,0,0,0,0
2015-02-20 22:32:30,0,0,3,0,0
2015-02-20 22:32:35,0,0,0,0,0
2015-02-20 22:32:40,0,0,0,0,0
2015-02-20 22:32:45,1,0,0,0,0
2015-02-20 22:32:50,2,0,2,0,0
2015-02-20 22:32:55,1,0,2,0,0
2015-02-20 22:33:00,1,0,2,0,0
2015-02-20 22:33:05,1,0,0,0,0
2015-02-20 22:33:10,0,0,1,0,0
2015-02-20 22:33:15,0,0,2,0,0
2015-02-20 22:33:20,1,0,0,0,0
2015-02-20 22:33:25,3,0,2,0,1
2015-02-20 22:33:30,0,0,1,0,0
2015-02-20 22:33:35,2,0,0,1,0
2015-02-20 22:33:40,0,0,0,0,0
2015-02-20 22:33:45,0,0,0,0,0
2015-02-20 22:33:50,2,0,1,0,0
2015-02-20 22:33:55,1,0,3,0,0
2015-02-20 22:34:00,2,0,1,0,0
2015-02-20 22:34:05,2,0,0,0,0
2015-02-20 22:34:10,1,0,2,0,0
2015-02-20 22:34:15,1,0,1,0,0
2015-02-20 22:34:20,1,0,0,0,0
2015-02-20 22:34:25,0,0,1,0,0
2015-02-20 22:34:30,2,0,2,0,0
2015-02-20 22:34:35,3,1,1,0,0
2015-02-20 22:34:40,0,0,2,0,0
2015-02-20 22:34:45,0,0,0,0,0
2015-02-20 22:34:50,1,0,1,0,0
2015-02-20 22:34:55,1,0,0,0,0
2015-02-20 22:35:00,1,0,4,0,0
2015-02-20 22:35:05,3,0,1,0,0
2015-02-20 22:35:10,2,0,1,0,0
2015-02-20 22:35:15,3,0,2,0,0
2015-02-20 22:35:20,2,0,1,0,0
2015-02-20 22:35:25,4,0,0,0,0
2015-02-20 22:35:30,2,0,1,0,0
2015-02-20 22:35:35,1,0,1,0,0
2015-02-20 22:35:40,1,0,1,0,0
2015-02-20 22:35:45,0,0,1,0,0
2015-02-20 22:35:50,2,0,0,0,0
2015-02-20 22:35:55,0,0,1,0,0
2015-02-20 22:36:00,0,0,0,0,0
2015-02-20 22:36:05,1,0,0,0,0
2015-02-20 22:36:10,2,0,3,0,0
2015-02-20 22:36:15,1,0,1,0,0
2015-02-20 22:36:20,0,0,1,0,0
2015-02-20 22:36:25,0,0,0,0,0
2015-02-20 22:36:30,3,0,2,0,0
2015-02-20 22:36:35,0,0,0,0,0
2015-02-20 22:36:40,0,0,1,0,0
2015-02-20 22:36:45,0,0,0,0,0
2015-02-20 22:36:50,0,0,0,0,0
2015-02-20 22:36:55,1,0,0,0,1
2015-02-20 22:37:00,1,0,1,0,1
2015-02-20 22:37:05,3,0,1,0,0
2015-02-20 22:37:10,1,0,1,0,0
2015-02-20 22:37:15,0,0,1,0,0
2015-02-20 22:37:20,2,0,3,0,0
2015-02-20 22:37:25,0,0,0,0,0
2015-02-20 22:37:30,1,0,1,0,0
2015-02-20 22:37:35,0,0,2,0,0
2015-02-20 22:37:40,0,0,1,0,0
2015-02-20 22:37:45,1,0,0,0,0
2015-02-20 22:37:50,3,0,2,0,0
2015-02-20 22:37:55,0,0,0,0,0
2015-02-20 22:38:00,2,0,1,0,0
2015-02-20 22:38:05,0,0,3,0,0
2015-02-20 22:38:10,2,0,0,0,0
2015-02-20 22:38:15,0,0,1,0,0
2015-02-20 22:38:20,2,0,0,0,0
2015-02-20 22:38:25,0,0,0,0,0
2015-02-20 22:38:30,1,0,2,0,0
2015-02-20 22:38:35,1,0,1,0,0
2015-02-20 22:38:40,1,0,3,0,0
2015-02-20 22:38:45,0,0,1,0,0
2015-02-20 22:38:50,0,0,0,0,0
2015-02-20 22:38:55,1,0,0,0,0
2015-02-20 22:39:00,2,0,2,0,0
2015-02-20 22:39:05,0,0,1,0,0
2015-02-20 22:39:10,2,0,2,0,0
2015-02-20 22:39:15,1,0,1,0,0
2015-02-20 22:39:20,2,0,0,0,0
2015-02-20 22:39:25,1,0,2,0,0
2015-02-20 22:39:30,3,0,0,0,0
2015-02-20 22:39:35,1,0,1,0,0
2015-02-20 22:39:40,1,0,0,0,0
2015-02-20 22:39:45,2,0,1,0,0
2015-02-20 22:39:50,0,0,0,0,0
2015-02-20 22:39:55,0,0,1,0,0
2015-02-20 22:40:00,1,0,0,0,0
2015-02-20 22:40:05,3,1,4,0,0
2015-02-20 22:40:10,2,0,2,0,0
2015-02-20 22:40:15,5,0,2,0,0
2015-02-20 22:40:20,1,0,3,0,0
2015-02-20 22:40:25,3,0,13,0,1
2015-02-20 22:40:30,2,0,9,0,0
2015-02-20 22:40:35,1,0,8,0,0
2015-02-20 22:40:40,1,0,2,0,0
2015-02-20 22:40:45,0,0,1,0,0
2015-02-20 22:40:50,1,0,0,0,0
2015-02-20 22:40:55,1,0,0,0,0
2015-02-20 22:41:00,2,0,1,0,0
2015-02-20 22:41:05,0,0,0,0,0
2015-02-20 22:41:10,1,0,0,0,0
2015-02-20 22:41:15,2,0,0,0,0
2015-02-20 22:41:20,2,0,0,0,0
2015-02-20 22:41:25,1,0,1,0,0
2015-02-20 22:41:30,0,0,2,0,0
2015-02-20 22:41:35,1,0,0,0,0
2015-02-20 22:41:40,0,0,1,0,0
2015-02-20 22:41:45,2,0,2,0,0
2015-02-20 22:41:50,1,0,1,0,0
2015-02-20 22:41:55,0,0,2,0,0
2015-02-20 22:42:00,2,0,3,0,0
2015-02-20 22:42:05,2,0,3,0,0
2015-02-20 22:42:10,0,0,0,0,0
2015-02-20 22:42:15,2,0,2,0,0
2015-02-20 22:42:20,1,0,0,0,0
2015-02-20 22:42:25,0,0,1,0,0
2015-02-20 22:42:30,1,0,0,0,0
2015-02-20 22:42:35,1,0,2,0,0
2015-02-20 22:42:40,1,0,1,0,0
2015-02-20 22:42:45,0,0,1,0,0
2015-02-20 22:42:50,1,0,0,0,0
2015-02-20 22:42:55,3,0,1,0,0
2015-02-20 22:43:00,5,0,3,0,0
2015-02-20 22:43:05,3,0,2,0,0
2015-02-20 22:43:10,2,0,1,0,1
2015-02-20 22:43:15,1,0,0,0,0
2015-02-20 22:43:20,2,0,2,0,0
2015-02-20 22:43:25,2,0,1,0,0
2015-02-20 22:43:30,3,0,3,0,0
2015-02-20 22:43:35,0,0,0,0,0
2015-02-20 22:43:40,2,0,1,0,0
2015-02-20 22:43:45,1,0,2,0,0
2015-02-20 22:43:50,2,0,1,0,0
2015-02-20 22:43:55,1,0,0,0,0
